<?xml version="1.0" encoding="UTF-8"?>
<addon id="plugin.video.annikathebitch"
version="2.3.1"
name="Annikas Fick Parade"
provider-name="Annikas Titte">
<requires>
  <import addon="xbmc.python" version="2.25.0"/>
</requires>
<extension point="xbmc.python.pluginsource" library="main.py">
  <provides>video</provides>
</extension>
<extension point="xbmc.addon.metadata">
  <summary lang="en">Adult Amateur Fuck AddOn</summary>
  <description lang="en_GB">Beobachte Annika wie sie gefickt wird.</description>
  <disclaimer lang="en_GB">Beobachte Annika wie sie gefickt wird.</disclaimer>
  <assets>
    <icon>icon.png</icon>
    <fanart>fanart.jpg</fanart>
    <screenshot>resources\screenshot-01.jpg</screenshot>
    <screenshot>resources\screenshot-02.jpg</screenshot>
    <screenshot>resources\screenshot-03.jpg</screenshot>    
  </assets>
  <news>Updated with latest artwork metadata</news>
</extension>
</addon>
