<?xml version="1.0" encoding="UTF-8" standalone="yes"?>
<window>
    <controls>
        <control type="image">
            <description>Black Background</description>
            <posx>0</posx>
            <posy>0</posy>
            <width>1280</width>
            <height>720</height>
            <texture>background.png</texture>
        </control>
	 <control type="image" id="1">
            <description>Hour 1</description>
            <posx>140</posx>
            <posy>165</posy>
            <width>195</width>
            <height>253</height>
            <texture></texture>
        </control>
	<control type="image" id="2">
            <description>Hour 2</description>
            <posx>390</posx>
            <posy>165</posy>
            <width>195</width>
            <height>253</height>
            <texture></texture>
        </control>
	<control type="image" id="7">
            <description>Separator</description>
            <posx>840</posx>
            <posy>165</posy>
            <width>195</width>
            <height>253</height>
            <texture></texture>
        </control>
	<control type="image" id="3">
            <description>Minute 1</description>
            <posx>690</posx>
            <posy>165</posy>
            <width>195</width>
            <height>253</height>
            <texture></texture>
        </control>
	<control type="image" id="4">
            <description>Minute 2</description>
            <posx>940</posx>
            <posy>165</posy>
            <width>195</width>
            <height>253</height>
            <texture></texture>
        </control>
	<control type="image" id="8">
            <description>Separator</description>
            <posx>737.5</posx>
            <posy>270</posy>
            <width>195</width>
            <height>253</height>
            <texture></texture>
        </control>
	<control type="image" id="5">
            <description>Second 1</description>
            <posx>832.5</posx>
            <posy>270</posy>
            <width>195</width>
            <height>253</height>
            <texture></texture>
        </control>
	<control type="image" id="6">
            <description>Second 2</description>
            <posx>972.5</posx>
            <posy>270</posy>
            <width>195</width>
            <height>253</height>
            <texture></texture>
        </control>
	<control type="image" id="9">
            <description>AMPM</description>
            <posx>1195</posx>
            <posy>30</posy>
            <width>100</width>
            <height>195</height>
            <texture></texture>
        </control>
    </controls>
</window>
