<sounds>
  <actions>
    <action>
      <name>left</name>
      <file>cursor.wav</file>
    </action>
    <action>
      <name>right</name>
      <file>cursor.wav</file>
    </action>
    <action>
      <name>up</name>
      <file>cursor.wav</file>
    </action>
    <action>
      <name>down</name>
      <file>cursor.wav</file>
    </action>
    <action>
      <name>select</name>
      <file>gallop.wav</file>
    </action>
    <action>
      <name>parentdir</name>
      <file>back.wav</file>
    </action>
    <action>
      <name>previousmenu</name>
      <file>back.wav</file>
    </action>
    <action>
      <name>screenshot</name>
      <file>shutter.wav</file>
    </action>
    <action>
      <name>error</name>
      <file>notify.wav</file>
    </action>
  </actions>

  <windows>
    <window>
      <name>Startup</name>
      <activate>select.wav</activate>
      <deactivate>out.wav</deactivate>
    </window>
    <window>
      <name>home</name>
      <activate>gallop.wav</activate>
     <deactivate>cursor.wav</deactivate>
    </window>
  </windows>
</sounds>