<?xml version="1.0" encoding="UTF-8"?>
<addon id="plugin.video.lost"
version="1.0.1"
name="[COLOR red]Lost Complete[/COLOR]"
provider-name="[COLOR yellow]YggDraz1l[/COLOR]">
<requires>
  <import addon="xbmc.python" version="2.1.0"/>
</requires>
<extension point="xbmc.python.pluginsource" library="main.py">
  <provides>video</provides>
</extension>
<extension point="xbmc.addon.metadata">
  <summary lang="de">Alle Episoden in einer Anwendung</summary>
  <description lang="en_GB">Staffeln 1-6 Komplett in Deutsch</description>
  <disclaimer lang="en_GB">A Tribute to the Pussy of Annika.</disclaimer>
  <assets>
    <icon>icon.png</icon>
    <fanart>fanart.jpg</fanart>
    <screenshot>resources\screenshot-01.jpg</screenshot>
    <screenshot>resources\screenshot-02.jpg</screenshot>
    <screenshot>resources\screenshot-03.jpg</screenshot>    
  </assets>
  <news>Updated with latest artwork metadata</news>
</extension>
</addon>
