<?xml version="1.0.1" encoding="UTF-8" standalone="yes"?>
<addon id="repository.metalkettle" name="MetalKettles Addon Repository" version="2.0.0" provider-name="MetalKettle">
	<extension point="xbmc.addon.repository" name="MetalKettles Addon Repository">
	<dir>
		<info compressed="false">https://raw.githubusercontent.com/MetalKettle/MK/master/addons.xml</info>
		<checksum>https://raw.githubusercontent.com/MetalKettle/MK/master/addons.xml.md5</checksum>
		<datadir zip="true">https://raw.githubusercontent.com/MetalKettle/MK/master/zips/</datadir>
	</dir>
	<dir>
		<info compressed="false">https://github.com/zqfaen/tva-common/raw/master/addons.xml</info>
        	<checksum>https://github.com/zqfaen/tva-common/raw/master/addons.xml.md5</checksum>
        	<datadir zip="true">https://github.com/zqfaen/tva-common/raw/master/zips/</datadir>
	</dir>
	</extension>
	<extension point="xbmc.addon.metadata">
		<summary>Install my Addons</summary>
		<description>Download and install addons from MetalKettle</description>
		<platform>all</platform>
	</extension>
</addon>

