﻿<?xml version="1.0" encoding="utf-8" standalone="yes"?>
<window type="window">
    <controls>

               


        <control type="label" id="30002">
            <description>Headline</description>
            <posx>20</posx>
            <posy>20</posy>
            <width>800</width>
            <visible>true</visible>
            <align>center</align>
            <aligny>top</aligny>
            <scroll>true</scroll>
            <label>Fetching feeds</label>
            <font>font30_title</font>
            <textcolor>FFF5B2D4</textcolor>
            <shadowcolor>ff000000</shadowcolor>
            <wrapmultiline>true</wrapmultiline>
            <scrollspeed>50</scrollspeed>
            <scrollsuffix> - </scrollsuffix>

        </control>

        <control type="textbox" id="30007">
            <description>Clock</description>
            <posx>840</posx>
            <posy>20</posy>
            <width>420</width>
            <visible>true</visible>
            <align>right</align>
            <aligny>top</aligny>
            <colordiffuse>FFFFFFFF</colordiffuse>
            <font>font11</font>
            <textcolor>88FFFFFF</textcolor>
            <shadowcolor>88000000</shadowcolor>
            <label></label>
        </control>


        <control type="textbox" id="30004">
         <description>Date</description>
         <posx>840</posx>
         <posy>670</posy>
         <width>420</width>
         <height>50</height>
         <visible>true</visible>
         <align>center</align>
         <aligny>bottom</aligny>
         <colordiffuse>FFFFFFFF</colordiffuse>
         <font>font11</font>
         <textcolor>88FFFFFF</textcolor>
         <shadowcolor>66000000</shadowcolor>
         <label></label>
        </control>

        <control type="textbox" id="30003">
         <description>Content</description>
         <posx>20</posx>
         <posy>100</posy>
         <width>800</width>
         <height>620</height>
         <visible>true</visible>
         <aligny>top</aligny>
         <colordiffuse>FFFFFFFF</colordiffuse>
         <font>font16</font>
         <textcolor>FFFFFFFF</textcolor>
         <shadowcolor>66000000</shadowcolor>
         <autoscroll delay="15000" time="1500" repeat="10000"></autoscroll>
         <label>...</label>
        </control>

        <control type="textbox" id="30005">
         <description>Debug</description>
         <posx>840</posx>
         <posy>40</posy>
         <width>420</width>
         <height>640</height>
         <visible>true</visible>
         <align>left</align>
         <aligny>bottom</aligny>
         <colordiffuse>FFFFFFFF</colordiffuse>
         <font>font11</font>
         <textcolor>FFFF7777</textcolor>
         <shadowcolor>A6000000</shadowcolor>
         <label></label>
        </control>

    </controls>
</window>