<?xml version="1.0" encoding="UTF-8" standalone="yes"?>
<addon id="plugin.video.showroomlive" name="ShowRoom" version="0.3" provider-name="ptom">
	<extension point="xbmc.python.pluginsource" library="default.py">
		<provides>video</provides>
	</extension>
	<extension point="xbmc.addon.metadata">
		<summary lang="en">Watch all the live streams from ShowRoom</summary>
		<description lang="en">Watch all the live streams from ShowRoom</description>
        <news>ShowRoom v0.3
        ----------
        Removed unnecessary inital menu
        </news>
        <website>http://www.ptom.co.uk</website>
		<platform>all</platform>
		<language>en</language>
		<email>ptom98@gmail.com</email>
	</extension>
</addon>
