<?xml version="1.0" encoding="UTF-8" standalone="yes"?>
<addon id="plugin.audio.kiisfm" name="KIIS FM" version="1.0.0" provider-name="Yorick de Wid">
    <requires>
        <import addon="xbmc.python" version="2.20.0" />
    </requires>
    <extension point="xbmc.python.pluginsource" library="default.py">
        <provides>audio</provides>
    </extension>
    <extension point="xbmc.addon.metadata">
    	<source>https://github.com/yorickdewid/KIISFM</source>
        <summary lang="en">KIIS FM - LA's #1 Hit Music Station</summary>
        <license>GNU General Public License, v3</license>
        <description lang="en">Don't miss out on the latest from KIIS FM, LA's #1 Hit Music Station.</description>
        <platform>all</platform>
        <language>en</language>
    </extension>
</addon>
