<?xml version="1.0" encoding="UTF-8"?>
<!-- Foundation -->
<window id="0">
    <defaultcontrol always="true">4000</defaultcontrol>
    <onload condition="String.IsEmpty(Window(Home).Property(WidgetFocus)) | Window.Previous(MusicVisualisation.xml) | Window.Previous(VideoFullScreen.xml)">SetFocus(300)</onload>
    <onload condition="!String.IsEmpty(Window(Home).Property(WidgetFocus)) + !Window.Previous(MusicVisualisation.xml) + !Window.Previous(VideoFullScreen.xml)">SetFocus(3000)</onload>
    <onload>ClearProperty(WidgetLoading,Home)</onload>
    <onload>ClearProperty(MenuFocus,Home)</onload>
    <onload>RunScript(script.skinshortcuts,type=buildxml&amp;mainmenuID=300&amp;group=mainmenu|powermenu)</onload>
    <onload condition="!Skin.HasSetting(SkinHelper.EnablePVRThumbs)">Skin.SetBool(SkinHelper.EnablePVRThumbs)</onload>
    <onload condition="!Skin.HasSetting(SkinHelper.EnableMusicArt)">Skin.SetBool(SkinHelper.EnableMusicArt)</onload>
    <onload>ClearProperty(HomeFocus,Home)</onload>
    <onunload>ClearProperty(SkinHelper.WidgetContainer)</onunload>


    <controls>
        <control type="list" id="9988">
            <description>hidden container for playlist background</description>
            <posx>-20</posx>
            <posy>-20</posy>
            <width>1</width>
            <height>1</height>
            <visible>true</visible>
            <onup>50</onup>
            <ondown>50</ondown>
            <onleft>50</onleft>
            <onright>50</onright>
            <autoscroll time="10000">true</autoscroll>
            <itemlayout width="1" height="1">
            </itemlayout>
            <focusedlayout height="1" width="1">
            </focusedlayout>
            <content>$INFO[Container(300).ListItem.Property(backgroundPlaylist)]</content>
        </control>

        <include>Global_Background</include>
        <include>Home_Widgets</include>
        <include>Topbar</include>
        <include>Home</include>

        <control type="button" id="4000">
            <visible allowhiddenfocus="true">false</visible>
            <width>1</width>
            <height>1</height>
            <onleft>300</onleft>
            <onright>3000</onright>
            <onfocus condition="String.IsEmpty(Window(Home).Property(WidgetFocus)) | Window.Previous(MusicVisualisation.xml) | Window.Previous(VideoFullScreen.xml)">SetFocus(300)</onfocus>
            <onfocus condition="!String.IsEmpty(Window(Home).Property(WidgetFocus)) + !Window.Previous(MusicVisualisation.xml) + !Window.Previous(VideoFullScreen.xml)">SetFocus(3000)</onfocus>
        </control>
    </controls>
</window>
