<?xml version="1.0" encoding="UTF-8"?>
<includes>
    <include name="Object_ParentFolder">
        <control type="image">
            <visible>ListItem.IsParentFolder</visible>
            <texture background="true" colordiffuse="main_fg_100">$INFO[ListItem.Icon]</texture>
            <aspectratio>center</aspectratio>
        </control>
    </include>
    <include name="Object_StarRating">
        <param name="align" default="left" />
        <param name="rating_prop" default="ListItem.Rating" />
        <param name="visible" default="true" />
        <definition>
            <control type="group">
                <height>64</height>
                <visible>$PARAM[visible]</visible>
                <control type="grouplist">
                    <top>24</top>
                    <orientation>horizontal</orientation>
                    <align>$PARAM[align]</align>
                    <height>64</height>
                    <itemgap>-16</itemgap>
                    <control type="image">
                        <height>64</height>
                        <width>64</width>
                        <texture colordiffuse="main_fg_30">flags/star10.png</texture>
                    </control>
                    <control type="image">
                        <height>64</height>
                        <width>64</width>
                        <texture colordiffuse="main_fg_30">flags/star10.png</texture>
                    </control>
                    <control type="image">
                        <height>64</height>
                        <width>64</width>
                        <texture colordiffuse="main_fg_30">flags/star10.png</texture>
                    </control>
                    <control type="image">
                        <height>64</height>
                        <width>64</width>
                        <texture colordiffuse="main_fg_30">flags/star10.png</texture>
                    </control>
                    <control type="image">
                        <height>64</height>
                        <width>64</width>
                        <texture colordiffuse="main_fg_30">flags/star10.png</texture>
                    </control>
                </control>
                <control type="grouplist">
                    <top>24</top>
                    <orientation>horizontal</orientation>
                    <align>$PARAM[align]</align>
                    <height>64</height>
                    <itemgap>-16</itemgap>
                    <control type="image">
                        <height>64</height>
                        <width>64</width>
                        <texture colordiffuse="Highlight2">flags/star5.png</texture>
                        <animation effect="fade" start="100" end="0" condition="!Integer.IsGreater($PARAM[rating_prop],0)">Conditional</animation>
                    </control>
                    <control type="image">
                        <height>64</height>
                        <width>64</width>
                        <texture colordiffuse="Highlight2">flags/star5.png</texture>
                        <animation effect="fade" start="100" end="0" condition="!Integer.IsGreater($PARAM[rating_prop],2)">Conditional</animation>
                    </control>
                    <control type="image">
                        <height>64</height>
                        <width>64</width>
                        <texture colordiffuse="Highlight2">flags/star5.png</texture>
                        <animation effect="fade" start="100" end="0" condition="!Integer.IsGreater($PARAM[rating_prop],4)">Conditional</animation>
                    </control>
                    <control type="image">
                        <height>64</height>
                        <width>64</width>
                        <texture colordiffuse="Highlight2">flags/star5.png</texture>
                        <animation effect="fade" start="100" end="0" condition="!Integer.IsGreater($PARAM[rating_prop],6)">Conditional</animation>
                    </control>
                    <control type="image">
                        <height>64</height>
                        <width>64</width>
                        <texture colordiffuse="Highlight2">flags/star5.png</texture>
                        <animation effect="fade" start="100" end="0" condition="!Integer.IsGreater($PARAM[rating_prop],8)">Conditional</animation>
                    </control>
                </control>
                <control type="grouplist">
                    <top>24</top>
                    <orientation>horizontal</orientation>
                    <align>$PARAM[align]</align>
                    <height>64</height>
                    <itemgap>-16</itemgap>
                    <control type="image">
                        <height>64</height>
                        <width>64</width>
                        <texture colordiffuse="Highlight2">flags/star10.png</texture>
                        <animation effect="fade" start="100" end="0" condition="!Integer.IsGreater($PARAM[rating_prop],1)">Conditional</animation>
                    </control>
                    <control type="image">
                        <height>64</height>
                        <width>64</width>
                        <texture colordiffuse="Highlight2">flags/star10.png</texture>
                        <animation effect="fade" start="100" end="0" condition="!Integer.IsGreater($PARAM[rating_prop],3)">Conditional</animation>
                    </control>
                    <control type="image">
                        <height>64</height>
                        <width>64</width>
                        <texture colordiffuse="Highlight2">flags/star10.png</texture>
                        <animation effect="fade" start="100" end="0" condition="!Integer.IsGreater($PARAM[rating_prop],5)">Conditional</animation>
                    </control>
                    <control type="image">
                        <height>64</height>
                        <width>64</width>
                        <texture colordiffuse="Highlight2">flags/star10.png</texture>
                        <animation effect="fade" start="100" end="0" condition="!Integer.IsGreater($PARAM[rating_prop],7)">Conditional</animation>
                    </control>
                    <control type="image">
                        <height>64</height>
                        <width>64</width>
                        <texture colordiffuse="Highlight2">flags/star10.png</texture>
                        <animation effect="fade" start="100" end="0" condition="!Integer.IsGreater($PARAM[rating_prop],9)">Conditional</animation>
                    </control>
                </control>
            </control>
        </definition>
    </include>

    <include name="Object_StarRating_NoGroupList">
        <param name="rating_prop" default="ListItem.Rating" />
        <definition>
            <control type="group">
                <height>64</height>
                <control type="group">
                    <top>24</top>
                    <height>64</height>
                    <control type="image">
                        <height>64</height>
                        <width>64</width>
                        <texture colordiffuse="main_fg_30">flags/star10.png</texture>
                    </control>
                    <control type="image">
                        <left>48</left>
                        <height>64</height>
                        <width>64</width>
                        <texture colordiffuse="main_fg_30">flags/star10.png</texture>
                    </control>
                    <control type="image">
                        <left>96</left>
                        <height>64</height>
                        <width>64</width>
                        <texture colordiffuse="main_fg_30">flags/star10.png</texture>
                    </control>
                    <control type="image">
                        <left>144</left>
                        <height>64</height>
                        <width>64</width>
                        <texture colordiffuse="main_fg_30">flags/star10.png</texture>
                    </control>
                    <control type="image">
                        <left>192</left>
                        <height>64</height>
                        <width>64</width>
                        <texture colordiffuse="main_fg_30">flags/star10.png</texture>
                    </control>
                </control>
                <control type="group">
                    <top>24</top>
                    <height>64</height>
                    <control type="image">
                        <height>64</height>
                        <width>64</width>
                        <texture colordiffuse="Highlight2">flags/star5.png</texture>
                        <animation effect="fade" start="100" end="0" condition="!Integer.IsGreater($PARAM[rating_prop],0)">Conditional</animation>
                    </control>
                    <control type="image">
                        <left>48</left>
                        <height>64</height>
                        <width>64</width>
                        <texture colordiffuse="Highlight2">flags/star5.png</texture>
                        <animation effect="fade" start="100" end="0" condition="!Integer.IsGreater($PARAM[rating_prop],2)">Conditional</animation>
                    </control>
                    <control type="image">
                        <left>96</left>
                        <height>64</height>
                        <width>64</width>
                        <texture colordiffuse="Highlight2">flags/star5.png</texture>
                        <animation effect="fade" start="100" end="0" condition="!Integer.IsGreater($PARAM[rating_prop],4)">Conditional</animation>
                    </control>
                    <control type="image">
                        <left>144</left>
                        <height>64</height>
                        <width>64</width>
                        <texture colordiffuse="Highlight2">flags/star5.png</texture>
                        <animation effect="fade" start="100" end="0" condition="!Integer.IsGreater($PARAM[rating_prop],6)">Conditional</animation>
                    </control>
                    <control type="image">
                        <left>192</left>
                        <height>64</height>
                        <width>64</width>
                        <texture colordiffuse="Highlight2">flags/star5.png</texture>
                        <animation effect="fade" start="100" end="0" condition="!Integer.IsGreater($PARAM[rating_prop],8)">Conditional</animation>
                    </control>
                </control>
                <control type="group">
                    <top>24</top>
                    <height>64</height>
                    <control type="image">
                        <height>64</height>
                        <width>64</width>
                        <texture colordiffuse="Highlight2">flags/star10.png</texture>
                        <animation effect="fade" start="100" end="0" condition="!Integer.IsGreater($PARAM[rating_prop],1)">Conditional</animation>
                    </control>
                    <control type="image">
                        <left>48</left>
                        <height>64</height>
                        <width>64</width>
                        <texture colordiffuse="Highlight2">flags/star10.png</texture>
                        <animation effect="fade" start="100" end="0" condition="!Integer.IsGreater($PARAM[rating_prop],3)">Conditional</animation>
                    </control>
                    <control type="image">
                        <left>96</left>
                        <height>64</height>
                        <width>64</width>
                        <texture colordiffuse="Highlight2">flags/star10.png</texture>
                        <animation effect="fade" start="100" end="0" condition="!Integer.IsGreater($PARAM[rating_prop],5)">Conditional</animation>
                    </control>
                    <control type="image">
                        <left>144</left>
                        <height>64</height>
                        <width>64</width>
                        <texture colordiffuse="Highlight2">flags/star10.png</texture>
                        <animation effect="fade" start="100" end="0" condition="!Integer.IsGreater($PARAM[rating_prop],7)">Conditional</animation>
                    </control>
                    <control type="image">
                        <left>192</left>
                        <height>64</height>
                        <width>64</width>
                        <texture colordiffuse="Highlight2">flags/star10.png</texture>
                        <animation effect="fade" start="100" end="0" condition="!Integer.IsGreater($PARAM[rating_prop],9)">Conditional</animation>
                    </control>
                </control>
            </control>
        </definition>
    </include>

    <include name="Object_StarRating_Music">
        <param name="align" default="center" />
        <param name="rating_prop" default="ListItem.Rating" />
        <param name="visible" default="Window.IsVisible(DialogMusicInfo.xml) | Window.IsVisible(MyMusicNav.xml) | Window.IsVisible(musicplaylist) | Container.Content(musicvideos)" />
        <definition>
            <control type="group">
                <height>64</height>
                <visible>$PARAM[visible]</visible>
                <control type="grouplist">
                    <top>24</top>
                    <orientation>horizontal</orientation>
                    <align>$PARAM[align]</align>
                    <height>64</height>
                    <itemgap>-16</itemgap>
                    <control type="image">
                        <height>64</height>
                        <width>64</width>
                        <texture colordiffuse="main_fg_30">flags/star10.png</texture>
                    </control>
                    <control type="image">
                        <height>64</height>
                        <width>64</width>
                        <texture colordiffuse="main_fg_30">flags/star10.png</texture>
                    </control>
                    <control type="image">
                        <height>64</height>
                        <width>64</width>
                        <texture colordiffuse="main_fg_30">flags/star10.png</texture>
                    </control>
                    <control type="image">
                        <height>64</height>
                        <width>64</width>
                        <texture colordiffuse="main_fg_30">flags/star10.png</texture>
                    </control>
                    <control type="image">
                        <height>64</height>
                        <width>64</width>
                        <texture colordiffuse="main_fg_30">flags/star10.png</texture>
                    </control>
                </control>
                <control type="grouplist">
                    <top>24</top>
                    <orientation>horizontal</orientation>
                    <align>$PARAM[align]</align>
                    <height>64</height>
                    <itemgap>-16</itemgap>
                    <control type="image">
                        <height>64</height>
                        <width>64</width>
                        <texture colordiffuse="Highlight2">flags/star10.png</texture>
                        <animation effect="fade" start="100" end="0" condition="!Integer.IsGreater($PARAM[rating_prop],0)">Conditional</animation>
                    </control>
                    <control type="image">
                        <height>64</height>
                        <width>64</width>
                        <texture colordiffuse="Highlight2">flags/star10.png</texture>
                        <animation effect="fade" start="100" end="0" condition="!Integer.IsGreater($PARAM[rating_prop],1)">Conditional</animation>
                    </control>
                    <control type="image">
                        <height>64</height>
                        <width>64</width>
                        <texture colordiffuse="Highlight2">flags/star10.png</texture>
                        <animation effect="fade" start="100" end="0" condition="!Integer.IsGreater($PARAM[rating_prop],2)">Conditional</animation>
                    </control>
                    <control type="image">
                        <height>64</height>
                        <width>64</width>
                        <texture colordiffuse="Highlight2">flags/star10.png</texture>
                        <animation effect="fade" start="100" end="0" condition="!Integer.IsGreater($PARAM[rating_prop],3)">Conditional</animation>
                    </control>
                    <control type="image">
                        <height>64</height>
                        <width>64</width>
                        <texture colordiffuse="Highlight2">flags/star10.png</texture>
                        <animation effect="fade" start="100" end="0" condition="!Integer.IsGreater($PARAM[rating_prop],4)">Conditional</animation>
                    </control>
                </control>
            </control>
        </definition>
    </include>

    <include name="Object_Separator_Right">
        <control type="image">
            <width>1</width>
            <right>-1</right>
            <texture colordiffuse="highlight_bottombar">common/white.png</texture>
        </control>
        <control type="image">
            <width>1</width>
            <right>0</right>
            <texture colordiffuse="darkline_separator">common/white.png</texture>
        </control>
    </include>

    <include name="Object_Separator_Top">
        <control type="image">
            <height>1</height>
            <top>0</top>
            <texture colordiffuse="highlight_bottombar">common/white.png</texture>
        </control>
        <control type="image">
            <height>1</height>
            <top>-1</top>
            <texture colordiffuse="darkline_separator">common/white.png</texture>
        </control>
    </include>

    <include name="Object_Separator_Left">
        <control type="image">
            <width>1</width>
            <left>0</left>
            <texture colordiffuse="highlight_bottombar">common/white.png</texture>
        </control>
        <control type="image">
            <width>1</width>
            <left>-1</left>
            <texture colordiffuse="darkline_separator">common/white.png</texture>
        </control>
    </include>

    <include name="Object_PVR_Info">
        <param name="artwork" default="Window(Home).Property(SkinHelper.ListItem.Art.Fanart)" />
        <param name="fallback" default="Window(Home).Property(SkinHelper.ListItem.Art.Fanart)" />
        <definition>
            <control type="group">
                <include>Animation_Home_Textbar_Slideover_Library</include>
                <include>Animation_Right</include>
                <control type="image" id="9123">
                    <left>-2160</left>
                    <width>1</width>
                    <height>1</height>
                    <texture>$INFO[$PARAM[artwork]]</texture>
                </control>
                <control type="group">
                    <visible>!String.IsEmpty($PARAM[fallback]) | !String.IsEmpty($PARAM[artwork])</visible>
                    <include>Animation_FadeIn</include>
                    <bottom>605</bottom>
                    <top>196</top>
                    <right>-40</right>
                    <width>496</width>
                    <control type="image">
                        <include>Defs_Shadow_Opaque</include>
                        <fadetime>100</fadetime>
                        <aspectratio>scale</aspectratio>
                        <texture>$INFO[$PARAM[artwork]]</texture>
                        <visible>!String.IsEmpty($PARAM[artwork]) + !String.StartsWith(Control.GetLabel(9123),Default)</visible>
                    </control>
                    <control type="image">
                        <include>Defs_Shadow_Opaque</include>
                        <fadetime>100</fadetime>
                        <aspectratio>scale</aspectratio>
                        <texture>$INFO[$PARAM[fallback]]</texture>
                        <visible>!String.IsEmpty($PARAM[fallback]) + [String.IsEmpty($PARAM[artwork]) | String.StartsWith(Control.GetLabel(9123),Default)]</visible>
                    </control>
                </control>
                <control type="grouplist">
                    <visible>[!String.IsEmpty($PARAM[artwork]) + !String.StartsWith(Control.GetLabel(9123),Default)] | [!String.IsEmpty($PARAM[fallback]) + [String.IsEmpty($PARAM[artwork]) | String.StartsWith(Control.GetLabel(9123),Default)]]</visible>
                    <bottom>600</bottom>
                    <top>176</top>
                    <left>129</left>
                    <right>496</right>
                    <orientation>vertical</orientation>
                    <usecontrolcoords>true</usecontrolcoords>
                    <itemgap>0</itemgap>
                    <include>Object_PVR_Info_Content</include>
                </control>
                <control type="grouplist">
                    <visible>![[!String.IsEmpty($PARAM[artwork]) + !String.StartsWith(Control.GetLabel(9123),Default)] | [!String.IsEmpty($PARAM[fallback]) + [String.IsEmpty($PARAM[artwork]) | String.StartsWith(Control.GetLabel(9123),Default)]]]</visible>
                    <bottom>600</bottom>
                    <top>176</top>
                    <left>129</left>
                    <right>50</right>
                    <orientation>vertical</orientation>
                    <usecontrolcoords>true</usecontrolcoords>
                    <itemgap>0</itemgap>
                    <include>Object_PVR_Info_Content</include>
                </control>
            </control>
        </definition>
    </include>

    <include name="Object_PVR_Info_Content">
        <control type="grouplist">
            <orientation>horizontal</orientation>
            <height>90</height>
            <itemgap>0</itemgap>
            <control type="label">
                <label>$INFO[ListItem.EpgEventTitle]</label>
                <height>90</height>
                <width>auto</width>
                <aligny>top</aligny>
                <textcolor>main_fg_100</textcolor>
                <font>font_showcase_title</font>
                <visible>!String.IsEmpty(ListItem.EpgEventTitle)</visible>
            </control>
            <control type="label">
                <label>$INFO[ListItem.EpisodeName, - ,]</label>
                <height>90</height>
                <width>auto</width>
                <aligny>top</aligny>
                <textcolor>main_fg_100</textcolor>
                <font>font_showcase_title</font>
                <visible>!String.IsEmpty(ListItem.EpgEventTitle)</visible>
            </control>
            <control type="label">
                <label>$INFO[ListItem.Label]</label>
                <height>90</height>
                <aligny>top</aligny>
                <width>auto</width>
                <textcolor>main_fg_100</textcolor>
                <font>font_showcase_title</font>
                <visible>String.IsEmpty(ListItem.EpgEventTitle)</visible>
            </control>
        </control>
        <control type="label">
            <label>$INFO[ListItem.ChannelNumber,[COLOR=main_fg_100],. [/COLOR]]$INFO[ListItem.ChannelName,[COLOR=main_fg_100],[/COLOR]]$INFO[ListItem.StartTime,  |  [COLOR=main_fg_100]$LOCALIZE[19126] ,[/COLOR]]$INFO[ListItem.EndTime,  |  [COLOR=main_fg_100]$LOCALIZE[19127] ,[/COLOR]]</label>
            <height>75</height>
            <aligny>top</aligny>
            <textcolor>$VAR[ColorHighlight]</textcolor>
            <font>font_small</font>
            <visible>!String.IsEmpty(ListItem.Title) | !String.IsEmpty(ListItem.ChannelNumber)</visible>
        </control>
        <control type="textbox">
            <label fallback="19055">$VAR[Label_Plot]</label>
            <height>130</height>
            <aligny>top</aligny>
            <textcolor>main_fg_70</textcolor>
            <font>font_plotbox</font>
        </control>
    </include>

    <include name="Object_DownArrows">
        <control type="group">
            <width>22</width>
            <control type="image">
                <bottom>17</bottom>
                <width>16</width>
                <height>16</height>
                <texture colordiffuse="$VAR[ColorHighlight]">common/arrow-small.png</texture>
            </control>
            <control type="image">
                <bottom>7</bottom>
                <width>16</width>
                <height>16</height>
                <texture colordiffuse="$VAR[ColorHighlight]">common/arrow-small.png</texture>
            </control>
        </control>
    </include>


    <include name="Object_BigPoster">
        <param name="container" default="" />
        <param name="visible" default="!Container.IsUpdating" />
        <param name="variable" default="$VAR[Image_Poster]" />
        <param name="height" default="poster_height" />
        <param name="width" default="view_left" />
        <param name="discart" default="false" />
        <param name="aspect" default="keep" />
        <definition>

            <control type="group">
                <left>0</left>
                <top>0</top>
                <width>$PARAM[width]</width>
                <height>$PARAM[height]</height>
                <visible>$PARAM[visible]</visible>
                <control type="group">
                    <visible>!Window.IsVisible(MyPics.xml)</visible>
                    <control type="group">
                        <control type="image">
                            <aspectratio aligny="center">scale</aspectratio>
                            <texture background="true" fallback="DefaultAddonImages.png">$PARAM[variable]</texture>
                            <visible>[!$PARAM[container]ListItem.IsParentFolder + !String.StartsWith($PARAM[container]ListItem.Icon,Default) + [!String.IsEmpty($PARAM[container]ListItem.Art(tvshow.poster)) | !String.IsEmpty($PARAM[container]ListItem.Art(poster)) | !String.IsEmpty($PARAM[container]ListItem.Art(season.poster))]]</visible>
                        </control>
                        
                        <control type="group">
                            <visible>[[!$PARAM[container]ListItem.IsParentFolder + !String.StartsWith($PARAM[container]ListItem.Icon,Default)] + ![!String.IsEmpty($PARAM[container]ListItem.Art(tvshow.poster)) | !String.IsEmpty($PARAM[container]ListItem.Art(poster)) | !String.IsEmpty($PARAM[container]ListItem.Art(season.poster))]]</visible>
        
                            <control type="image">
                                <aspectratio aligny="center">$PARAM[aspect]</aspectratio>
                                <texture background="true"  fallback="DefaultAddonImages.png">$PARAM[variable]</texture>
                            </control>
                        </control>
                    </control>

                    <control type="group">
                        <visible>$PARAM[container]ListItem.IsParentFolder | String.StartsWith($PARAM[container]ListItem.Icon,Default)</visible>
  
                        <control type="image">
                            <aspectratio aligny="center">center</aspectratio>
                            <texture background="true"  colordiffuse="main_fg_100" fallback="DefaultAddonNone.png">$INFO[$PARAM[container]ListItem.Icon]</texture>
                            <visible>[!Container.Content(genres) + !Container.Content(studios) + !Container.Content(countries) + !Container.Content(years) + !Container.Content(directors)] | ListItem.IsParentFolder</visible>
                        </control>
                        <control type="image">
                            <bordersize>80</bordersize>
                            <aspectratio aligny="center">$PARAM[aspect]</aspectratio>
                            <texture background="true" colordiffuse="main_fg_30" fallback="DefaultFolder.png">$INFO[$PARAM[container]ListItem.Label,resource://resource.images.moviecountryicons.maps/,.png]</texture>
                            <visible>Container.Content(countries) + !ListItem.IsParentFolder</visible>
                        </control>
                        <control type="textbox">
                            <left>30</left>
                            <right>30</right>
                            <top>30</top>
                            <bottom>30</bottom>
                            <align>center</align>
                            <aligny>center</aligny>
                            <label>$INFO[$PARAM[container]ListItem.Label]</label>
                            <textcolor>main_fg_100</textcolor>
                            <font>font_bigposter_text</font>
                            <visible>[Container.Content(years) | Container.Content(directors) | Container.Content(countries)] + !ListItem.IsParentFolder</visible>
                        </control>
                        <control type="image">
                            <bordersize>80</bordersize>
                            <aspectratio aligny="center">$PARAM[aspect]</aspectratio>
                            <texture background="true" colordiffuse="main_fg_100" fallback="DefaultFolder.png">$VAR[Image_GenreIcons_Path]$INFO[$PARAM[container]ListItem.Label,,.png]</texture>
                            <visible>Container.Content(genres) + !ListItem.IsParentFolder</visible>
                        </control>
                        <control type="image">
                            <bordersize>80</bordersize>
                            <aspectratio aligny="center">$PARAM[aspect]</aspectratio>
                            <texture background="true" colordiffuse="main_fg_100" fallback="DefaultFolder.png">$INFO[$PARAM[container]ListItem.Label,resource://resource.images.studios.white/,.png]</texture>
                            <visible>Container.Content(studios) + !ListItem.IsParentFolder</visible>
                        </control>
                    </control>
                </control>
                <control type="group">
                    <visible>Window.IsVisible(MyPics.xml)</visible>
                    <control type="group">
                        <control type="image">
                            <aspectratio aligny="center">$PARAM[aspect]</aspectratio>
                            <texture background="true" colordiffuse="main_fg_100" fallback="DefaultAddonImages.png">$INFO[ListItem.FileNameAndPath]</texture>
                        </control>
                    </control>
                </control>
                
            </control>
        </definition>
    </include>

    <include name="Object_Flags">
        <param name="container" default="" />
        <param name="source" default="ListItem." />
        <param name="directory" default="color" />
        <param name="align" default="right" />
        <param name="colordiffuse" default="panel_fg_100" />
        <param name="ratings" default="false" />
        <definition>
            <control type="grouplist">
                <visible>!Skin.HasSetting(furniture.flags)</visible>
                <visible>!Window.IsVisible(script-script.extendedinfo-DialogVideoInfo.xml)</visible>
                <visible>!Window.IsVisible(script-script.extendedinfo-DialogInfo.xml)</visible>
                <visible>!String.IsEqual($PARAM[container]ListItem.Label,..)</visible>
                <animation effect="fade" start="0" end="100" delay="30" time="1" reversible="false">Visible</animation>
                <right>30</right>
                <left>-30</left>
                <height>120</height>
                <orientation>horizontal</orientation>
                <align>$PARAM[align]</align>
                <itemgap>0</itemgap>
                <centertop>50%</centertop>
                <usecontrolcoords>true</usecontrolcoords>
     
                <control type="image">
                    <width>88</width>
                    <height>48</height>
                    <centertop>50%</centertop>
                    <texture colordiffuse="$PARAM[colordiffuse]" fallback="flags/fallback.png">$INFO[$PARAM[container]$PARAM[source]VideoResolution,flags/$PARAM[directory]/resolution/,.png]</texture>
                    <aspectratio align="right">keep</aspectratio>
                    <visible>!String.IsEmpty($PARAM[container]$PARAM[source]VideoResolution) + !String.StartsWith($PARAM[container]$PARAM[source]Path,videodb://movies/sets)</visible>
                </control>
                <control type="image">
                    <width>88</width>
                    <height>48</height>
                    <centertop>50%</centertop>
                    <texture colordiffuse="$PARAM[colordiffuse]" fallback="flags/fallback.png">$INFO[$PARAM[container]$PARAM[source]VideoCodec,flags/$PARAM[directory]/source/,.png]</texture>
                    <aspectratio align="right">keep</aspectratio>
                    <visible>!String.IsEmpty($PARAM[container]$PARAM[source]VideoCodec)</visible>
                </control>
                <control type="image">
                    <width>88</width>
                    <height>48</height>
                    <centertop>50%</centertop>
                    <texture colordiffuse="$PARAM[colordiffuse]" fallback="flags/fallback.png">$INFO[$PARAM[container]$PARAM[source]VideoAspect,flags/$PARAM[directory]/aspectratio/,.png]</texture>
                    <aspectratio align="right">keep</aspectratio>
                    <visible>!String.IsEmpty($PARAM[container]$PARAM[source]VideoAspect)</visible>
                </control>
                <control type="image">
                    <width>88</width>
                    <height>48</height>
                    <centertop>50%</centertop>
                    <texture colordiffuse="$PARAM[colordiffuse]" fallback="flags/fallback.png">$INFO[$PARAM[container]$PARAM[source]AudioCodec,flags/$PARAM[directory]/audio/,.png]</texture>
                    <aspectratio align="right">keep</aspectratio>
                    <visible>!String.IsEmpty($PARAM[container]$PARAM[source]AudioCodec)</visible>
                </control>
                
                <control type="image">
                    <width>88</width>
                    <height>48</height>
                    <centertop>50%</centertop>
                    <texture colordiffuse="$PARAM[colordiffuse]" fallback="flags/fallback.png">$INFO[$PARAM[container]$PARAM[source]AudioChannels,flags/$PARAM[directory]/channels/,.png]</texture>
                    <aspectratio align="right">keep</aspectratio>
                    <visible>!String.IsEmpty($PARAM[container]$PARAM[source]AudioChannels)</visible>
                </control>
                <control type="image">
                    <width>88</width>
                    <height>48</height>
                    <centertop>50%</centertop>
                    <texture colordiffuse="$PARAM[colordiffuse]">$INFO[$PARAM[container]$PARAM[source]FileExtension,flags/$PARAM[directory]/audio/,.png]</texture>
                    <aspectratio align="right">keep</aspectratio>
                    <visible>Container.Content(songs)</visible>
                </control>
                <control type="image">
                    <width>88</width>
                    <aspectratio align="right">keep</aspectratio>
                    <centertop>50%</centertop>
                    <height>64</height>
                    <texture colordiffuse="$PARAM[colordiffuse]">flags/$PARAM[directory]/other/4K.png</texture>
                    <visible>[String.Contains($PARAM[container]$PARAM[source]FileNameAndPath,2160p) | String.Contains($PARAM[container]$PARAM[source]FileNameAndPath,UHD) | String.Contains($PARAM[container]$PARAM[source]FileNameAndPath,UltraHD) | String.Contains($PARAM[container]$PARAM[source]FileNameAndPath,Ultra-HD) | String.Contains($PARAM[container]$PARAM[source]FileNameAndPath,4K)]</visible>
                </control>
                <control type="image">
                    <width>88</width>
                    <aspectratio align="right">keep</aspectratio>
                    <centertop>50%</centertop>
                    <height>64</height>
                    <texture colordiffuse="$PARAM[colordiffuse]">flags/$PARAM[directory]/other/bluray.png</texture>
                    <visible>[String.Contains($PARAM[container]$PARAM[source]FileNameAndPath,blu-ray) | String.Contains($PARAM[container]$PARAM[source]FileNameAndPath,bluray) | String.Contains($PARAM[container]$PARAM[source]FileNameAndPath,bdrip) | String.Contains($PARAM[container]$PARAM[source]FileNameAndPath,bd25) | String.Contains($PARAM[container]$PARAM[source]FileNameAndPath,bd50)]</visible>
                    <visible>![String.Contains($PARAM[container]$PARAM[source]FileNameAndPath,2160p) | String.Contains($PARAM[container]$PARAM[source]FileNameAndPath,UHD) | String.Contains($PARAM[container]$PARAM[source]FileNameAndPath,UltraHD) | String.Contains($PARAM[container]$PARAM[source]FileNameAndPath,Ultra-HD) | String.Contains($PARAM[container]$PARAM[source]FileNameAndPath,4K)]</visible>
                </control>
                <control type="image">
                    <width>88</width>
                    <aspectratio align="right">keep</aspectratio>
                    <centertop>50%</centertop>
                    <height>64</height>
                    <texture colordiffuse="$PARAM[colordiffuse]">flags/$PARAM[directory]/other/dvd.png</texture>
                    <visible>String.Contains($PARAM[container]$PARAM[source]FileNameAndPath,dvd)</visible>
                </control>
                <control type="image">
                    <width>88</width>
                    <aspectratio align="right">keep</aspectratio>
                    <centertop>50%</centertop>
                    <height>64</height>
                    <texture colordiffuse="$PARAM[colordiffuse]">flags/$PARAM[directory]/other/hdtv.png</texture>
                    <visible>String.Contains($PARAM[container]$PARAM[source]FileNameAndPath,hdtv) | String.Contains($PARAM[container]$PARAM[source]FileNameAndPath,pdtv) | String.Contains($PARAM[container]$PARAM[source]FileNameAndPath,dsr)</visible>
                </control>
                <control type="image">
                    <width>88</width>
                    <aspectratio align="right">keep</aspectratio>
                    <centertop>50%</centertop>
                    <height>64</height>
                    <texture colordiffuse="$PARAM[colordiffuse]">flags/$PARAM[directory]/other/web-dl.png</texture>
                    <visible>String.Contains($PARAM[container]$PARAM[source]FileNameAndPath,web-dl) | String.Contains($PARAM[container]$PARAM[source]FileNameAndPath,webdl) | String.Contains($PARAM[container]$PARAM[source]FileNameAndPath,WEBRip)</visible>
                </control>
                <control type="image">
                    <width>88</width>
                    <aspectratio align="right">keep</aspectratio>
                    <centertop>50%</centertop>
                    <height>64</height>
                    <texture colordiffuse="$PARAM[colordiffuse]">flags/$PARAM[directory]/other/3D.png</texture>
                    <visible>$PARAM[container]$PARAM[source]IsStereoscopic</visible>
                </control>
                <control type="group">
                    <width>1000</width>
                    <left>32</left>
                    <height>33</height>
                    <centertop>50%</centertop>
                    <visible>$PARAM[ratings]</visible>
                    <control type="group">
                        <include content="Object_Ratings">
                            <param name="directory" value="color" />
                            <param name="align" value="left" />
                            <param name="width" value="1000" />
                            <param name="rottentomatoes" value="false" />
                            <param name="imdbvotes" value="false" />
                            <param name="usermeter" value="false" />
                            <param name="imdb" value="true" />
                            <param name="tmdb" value="false" />
                            <param name="metacritic" value="false" />
                            <param name="oscars" value="true" />
                            <param name="top250" value="false" />
                        </include>
                    </control>
                </control>
            </control>
        </definition>
    </include>

    <include name="Object_Ratings">
        <param name="directory" default="monochrome" />
        <param name="align" default="right" />
        <param name="width" default="900" />
        <param name="rottentomatoes" default="true" />
        <param name="imdbvotes" default="true" />
        <param name="usermeter" default="true" />
        <param name="imdb" default="true" />
        <param name="tmdb" default="true" />
        <param name="tvdb" default="true" />
        <param name="metacritic" default="true" />
        <param name="oscars" default="true" />
        <param name="top250" default="true" />
        <definition>
            <control type="grouplist">
                <width>$PARAM[width]</width>
                <right>0</right>
                <height>32</height>
                <orientation>horizontal</orientation>
                <align>$PARAM[align]</align>
                <itemgap>8</itemgap>
                <usecontrolcoords>true</usecontrolcoords>
                <control type="image">
                    <top>0</top>
                    <width>32</width>
                    <height>32</height>
                    <texture colordiffuse="main_fg_100">flags/$PARAM[directory]/ratings/oscar.png</texture>
                    <visible>String.Contains(Window(Home).Property(SkinHelper.ListItem.Awards),Oscar) + String.Contains(Window(Home).Property(SkinHelper.ListItem.Awards),Won)</visible>
                    <visible>$PARAM[oscars]</visible>
                </control>
                <control type="label">
                    <textcolor>main_fg_70</textcolor>
                    <top>2</top>
                    <width>auto</width>
                    <height>28</height>
                    <align>right</align>
                    <font>font_tiny</font>
                    <label>$VAR[Label_Oscars,,   ]</label>
                    <visible>String.Contains(Window(Home).Property(SkinHelper.ListItem.Awards),Oscar) + String.Contains(Window(Home).Property(SkinHelper.ListItem.Awards),Won)</visible>
                    <visible>$PARAM[oscars]</visible>
                </control>
                <control type="image">
                    <top>0</top>
                    <width>32</width>
                    <height>32</height>
                    <texture colordiffuse="main_fg_100">flags/$PARAM[directory]/ratings/metacritic.png</texture>
                    <visible>!String.IsEmpty(Window(Home).Property(SkinHelper.ListItem.MetaCritic.Rating))</visible>
                    <visible>$PARAM[metacritic]</visible>
                </control>
                <control type="label">
                    <textcolor>main_fg_70</textcolor>
                    <top>2</top>
                    <width>auto</width>
                    <height>28</height>
                    <align>right</align>
                    <font>font_tiny</font>
                    <label>$INFO[Window(Home).Property(SkinHelper.ListItem.MetaCritic.Rating), ,%   ]</label>
                    <visible>!String.IsEmpty(Window(Home).Property(SkinHelper.ListItem.MetaCritic.Rating))</visible>
                    <visible>$PARAM[metacritic]</visible>
                </control>
                <control type="image">
                    <top>0</top>
                    <width>32</width>
                    <height>32</height>
                    <texture colordiffuse="main_fg_100">flags/$PARAM[directory]/ratings/tmdb.png</texture>
                    <visible>!String.IsEmpty(Window(Home).Property(SkinHelper.ListItem.Rating.TMDB))</visible>
                    <visible>$PARAM[tmdb]</visible>
                </control>
                <control type="label">
                    <textcolor>main_fg_70</textcolor>
                    <top>2</top>
                    <width>auto</width>
                    <height>28</height>
                    <align>right</align>
                    <font>font_tiny</font>
                    <label>$INFO[Window(Home).Property(SkinHelper.ListItem.Rating.TMDB), ,   ]</label>
                    <visible>!String.IsEmpty(Window(Home).Property(SkinHelper.ListItem.Rating.TMDB))</visible>
                    <visible>$PARAM[tmdb]</visible>
                </control>

                <control type="image">
                    <top>0</top>
                    <width>32</width>
                    <height>32</height>
                    <texture colordiffuse="main_fg_100">flags/$PARAM[directory]/ratings/tvdb.png</texture>
                    <visible>!String.IsEmpty(Window(Home).Property(SkinHelper.ListItem.Rating.TVDB))</visible>
                    <visible>$PARAM[tvdb]</visible>
                </control>
                <control type="label">
                    <textcolor>main_fg_70</textcolor>
                    <top>2</top>
                    <width>auto</width>
                    <height>28</height>
                    <align>right</align>
                    <font>font_tiny</font>
                    <label>$INFO[Window(Home).Property(SkinHelper.ListItem.Rating.TVDB), ,   ]</label>
                    <visible>!String.IsEmpty(Window(Home).Property(SkinHelper.ListItem.Rating.TVDB))</visible>
                    <visible>$PARAM[tvdb]</visible>
                </control>


                <control type="image">
                    <top>0</top>
                    <width>32</width>
                    <height>32</height>
                    <texture colordiffuse="main_fg_100">flags/$PARAM[directory]/ratings/popcorn.png</texture>
                    <visible>!String.IsEmpty(Window(Home).Property(SkinHelper.ListItem.RottenTomatoes.UserMeter))</visible>
                    <visible>Integer.IsGreater(Window(home).Property(SkinHelper.ListItem.RottenTomatoes.Us​erMeter),59)</visible>
                    <visible>$PARAM[usermeter]</visible>
                </control>
                <control type="image">
                    <top>0</top>
                    <width>32</width>
                    <height>32</height>
                    <texture colordiffuse="main_fg_100">flags/$PARAM[directory]/ratings/spilt.png</texture>
                    <visible>!String.IsEmpty(Window(Home).Property(SkinHelper.ListItem.RottenTomatoes.UserMeter))</visible>
                    <visible>!Integer.IsGreater(Window(home).Property(SkinHelper.ListItem.RottenTomatoes.Us​erMeter),59)</visible>
                    <visible>$PARAM[usermeter]</visible>
                </control>
                <control type="label">
                    <textcolor>main_fg_70</textcolor>
                    <top>2</top>
                    <width>auto</width>
                    <height>28</height>
                    <align>right</align>
                    <font>font_tiny</font>
                    <label>$INFO[Window(Home).Property(SkinHelper.ListItem.RottenTomatoes.UserMeter), ,%   ]</label>
                    <visible>!String.IsEmpty(Window(Home).Property(SkinHelper.ListItem.RottenTomatoes.UserMeter))</visible>
                    <visible>$PARAM[usermeter]</visible>
                </control>
                <control type="image">
                    <width>32</width>
                    <height>32</height>
                    <texture colordiffuse="main_fg_100">flags/$PARAM[directory]/ratings/rtrotten.png</texture>
                    <visible>!String.IsEmpty(Window(Home).Property(SkinHelper.ListItem.RottenTomatoes.Rating))</visible>
                    <visible>Integer.IsGreater(Window(home).Property(SkinHelper.ListItem.RottenTomatoes.Rating),0) + !Integer.IsGreater(Window(home).Property(SkinHelper.ListItem.RottenTomatoes.Rating),59)</visible>
                    <visible>$PARAM[rottentomatoes]</visible>
                </control>
                <control type="image">
                    <width>32</width>
                    <height>32</height>
                    <texture colordiffuse="main_fg_100">flags/$PARAM[directory]/ratings/rtfresh.png</texture>
                    <visible>!String.IsEmpty(Window(Home).Property(SkinHelper.ListItem.RottenTomatoes.Rating))</visible>
                    <visible>Integer.IsGreater(Window(home).Property(SkinHelper.ListItem.RottenTomatoes.Rating),59) + !Integer.IsGreater(Window(home).Property(SkinHelper.ListItem.RottenTomatoes.Rating),74)</visible>
                    <visible>$PARAM[rottentomatoes]</visible>
                </control>
                <control type="image" description="remove the rtfresh texture line for certified logo">
                    <width>32</width>
                    <height>32</height>
                    <texture colordiffuse="main_fg_100">flags/$PARAM[directory]/ratings/rtfresh.png</texture>
                    <texture colordiffuse="main_fg_100">flags/$PARAM[directory]/ratings/certified.png</texture>
                    <visible>!String.IsEmpty(Window(Home).Property(SkinHelper.ListItem.RottenTomatoes.Rating))</visible>
                    <visible>Integer.IsGreater(Window(home).Property(SkinHelper.ListItem.RottenTomatoes.Rating),74)</visible>
                    <visible>$PARAM[rottentomatoes]</visible>
                </control>
                <control type="label">
                    <textcolor>main_fg_70</textcolor>
                    <top>2</top>
                    <width>auto</width>
                    <height>28</height>
                    <align>right</align>
                    <font>font_tiny</font>
                    <label>$INFO[Window(Home).Property(SkinHelper.ListItem.RottenTomatoes.Rating), ,%   ]</label>
                    <visible>!String.IsEmpty(Window(Home).Property(SkinHelper.ListItem.RottenTomatoes.Rating))</visible>
                    <visible>$PARAM[rottentomatoes]</visible>
                </control>
                <control type="image">
                    <top>1</top>
                    <width>40</width>
                    <height>32</height>
                    <texture colordiffuse="main_fg_100">flags/$PARAM[directory]/ratings/imdbicon.png</texture>
                    <visible>!String.IsEmpty(ListItem.RatingAndVotes) | !String.IsEmpty(Window(home).Property(SkinHelper.ListItem.Rating.IMDB)) | [Window.IsVisible(DialogVideoInfo.xml) + !String.IsEmpty(ListItem.Rating)]</visible>
                    <visible>$PARAM[imdb]</visible>
                </control>
                <control type="label">
                    <textcolor>main_fg_70</textcolor>
                    <top>2</top>
                    <width>auto</width>
                    <height>28</height>
                    <align>right</align>
                    <font>font_tiny</font>
                    <label>$INFO[Window(home).Property(SkinHelper.ListItem.Rating.IMDB), ,]$INFO[Window(home).Property(SkinHelper.ListItem.Votes.IMDB), (, $LOCALIZE[205])]</label>
                    <visible>!Window.IsVisible(DialogVideoInfo.xml)</visible>
                    <visible>!String.IsEmpty(Window(home).Property(SkinHelper.ListItem.Rating.IMDB))</visible>
                    <visible>$PARAM[imdb]</visible>
                    <visible>$PARAM[imdbvotes]</visible>
                </control>
                <control type="label">
                    <textcolor>main_fg_70</textcolor>
                    <top>2</top>
                    <width>auto</width>
                    <height>28</height>
                    <align>right</align>
                    <font>font_tiny</font>
                    <label>$INFO[ListItem.RatingAndVotes, ,]</label>
                    <visible>!Window.IsVisible(DialogVideoInfo.xml)</visible>
                    <visible>String.IsEmpty(Window(home).Property(SkinHelper.ListItem.Rating.IMDB)) + !String.IsEmpty(ListItem.RatingAndVotes)</visible>
                    <visible>$PARAM[imdbvotes]</visible>
                    <visible>$PARAM[imdb]</visible>
                </control>
                <control type="label">
                    <textcolor>main_fg_70</textcolor>
                    <top>2</top>
                    <width>auto</width>
                    <height>28</height>
                    <align>right</align>
                    <font>font_tiny</font>
                    <label>$INFO[Window(home).Property(SkinHelper.ListItem.Rating.IMDB), ,]</label>
                    <visible>!Window.IsVisible(DialogVideoInfo.xml)</visible>
                    <visible>!String.IsEmpty(Window(home).Property(SkinHelper.ListItem.Rating.IMDB))</visible>
                    <visible>$PARAM[imdb]</visible>
                    <visible>!$PARAM[imdbvotes]</visible>
                </control>
                <control type="label">
                    <textcolor>main_fg_70</textcolor>
                    <top>2</top>
                    <width>auto</width>
                    <height>28</height>
                    <align>right</align>
                    <font>font_tiny</font>
                    <label>$INFO[ListItem.Rating, ,]</label>
                    <visible>!Window.IsVisible(DialogVideoInfo.xml)</visible>
                    <visible>String.IsEmpty(Window(home).Property(SkinHelper.ListItem.Rating.IMDB)) + !String.IsEmpty(ListItem.Rating)</visible>
                    <visible>$PARAM[imdb]</visible>
                    <visible>!$PARAM[imdbvotes]</visible>
                </control>
                <control type="label">
                    <textcolor>main_fg_70</textcolor>
                    <top>2</top>
                    <width>auto</width>
                    <height>28</height>
                    <align>right</align>
                    <font>font_tiny</font>
                    <label>$INFO[Window(home).Property(SkinHelper.ListItem.Rating.IMDB), ,]</label>
                    <visible>Window.IsVisible(DialogVideoInfo.xml)</visible>
                    <visible>!String.IsEmpty(Window(home).Property(SkinHelper.ListItem.Rating.IMDB))</visible>
                    <visible>$PARAM[imdb]</visible>
                </control>
                <control type="label">
                    <textcolor>main_fg_70</textcolor>
                    <top>2</top>
                    <width>auto</width>
                    <height>28</height>
                    <align>right</align>
                    <font>font_tiny</font>
                    <label>$INFO[ListItem.Rating, ,]</label>
                    <visible>Window.IsVisible(DialogVideoInfo.xml)</visible>
                    <visible>String.IsEmpty(Window(home).Property(SkinHelper.ListItem.Rating.IMDB)) + !String.IsEmpty(ListItem.Rating)</visible>
                    <visible>$PARAM[imdb]</visible>
                </control>
                <control type="label">
                    <textcolor>main_fg_70</textcolor>
                    <top>2</top>
                    <width>auto</width>
                    <height>28</height>
                    <align>right</align>
                    <font>font_tiny</font>
                    <label>$INFO[Window(Home).Property(SkinHelper.ListItem.IMDB.Top250),#,]</label>
                    <visible>!Window.IsVisible(script-script.extendedinfo-DialogInfo.xml)</visible>
                    <visible>!Window.IsVisible(script-script.extendedinfo-DialogVideoInfo.xml)</visible>
                    <visible>Integer.IsGreater(Window(home).Property(SkinHelper.ListItem.IMDB.Top250),0)</visible>
                    <visible>$PARAM[imdb]</visible>
                    <visible>$PARAM[top250]</visible>
                </control>
            </control>
        </definition>
    </include>

    <include name="Object_AlphabetStrip_Skipper">
        <control type="button">
            <visible>false</visible>
            <onfocus condition="!String.IsEmpty(Container(8001).ListItem.Property(NotAvailable)) + Container(8001).OnNext">Control.Move(8001,1)</onfocus>
            <onfocus condition="!String.IsEmpty(Container(8001).ListItem.Property(NotAvailable)) + Container(8001).OnPrevious">Control.Move(8001,-1)</onfocus>
        </control>
    </include>
    <include name="Object_AlphabetStrip">
        <control type="button" id="8000">
            <left>-10000</left>
            <width>10</width>
            <height>1</height>
            <onfocus condition="!String.IsEqual(ListItem.SortLetter,A) + !String.IsEqual(ListItem.SortLetter,B) + !String.IsEqual(ListItem.SortLetter,C) + !String.IsEqual(ListItem.SortLetter,D) + !String.IsEqual(ListItem.SortLetter,E) + !String.IsEqual(ListItem.SortLetter,F) + !String.IsEqual(ListItem.SortLetter,G) + !String.IsEqual(ListItem.SortLetter,H) + !String.IsEqual(ListItem.SortLetter,I) + !String.IsEqual(ListItem.SortLetter,J) + !String.IsEqual(ListItem.SortLetter,K) + !String.IsEqual(ListItem.SortLetter,L) + !String.IsEqual(ListItem.SortLetter,M) + !String.IsEqual(ListItem.SortLetter,N) + !String.IsEqual(ListItem.SortLetter,O) + !String.IsEqual(ListItem.SortLetter,P) + !String.IsEqual(ListItem.SortLetter,Q) + !String.IsEqual(ListItem.SortLetter,R) + !String.IsEqual(ListItem.SortLetter,S) + !String.IsEqual(ListItem.SortLetter,T) + !String.IsEqual(ListItem.SortLetter,U) + !String.IsEqual(ListItem.SortLetter,V) + !String.IsEqual(ListItem.SortLetter,W) + !String.IsEqual(ListItem.SortLetter,X) + !String.IsEqual(ListItem.SortLetter,Y) + !String.IsEqual(ListItem.SortLetter,Z)">SetFocus(8001,0)</onfocus>
            <onfocus condition="String.IsEqual(ListItem.SortLetter,A)">SetFocus(8001,1)</onfocus>
            <onfocus condition="String.IsEqual(ListItem.SortLetter,B)">SetFocus(8001,2)</onfocus>
            <onfocus condition="String.IsEqual(ListItem.SortLetter,C)">SetFocus(8001,3)</onfocus>
            <onfocus condition="String.IsEqual(ListItem.SortLetter,D)">SetFocus(8001,4)</onfocus>
            <onfocus condition="String.IsEqual(ListItem.SortLetter,E)">SetFocus(8001,5)</onfocus>
            <onfocus condition="String.IsEqual(ListItem.SortLetter,F)">SetFocus(8001,6)</onfocus>
            <onfocus condition="String.IsEqual(ListItem.SortLetter,G)">SetFocus(8001,7)</onfocus>
            <onfocus condition="String.IsEqual(ListItem.SortLetter,H)">SetFocus(8001,8)</onfocus>
            <onfocus condition="String.IsEqual(ListItem.SortLetter,I)">SetFocus(8001,9)</onfocus>
            <onfocus condition="String.IsEqual(ListItem.SortLetter,J)">SetFocus(8001,10)</onfocus>
            <onfocus condition="String.IsEqual(ListItem.SortLetter,K)">SetFocus(8001,11)</onfocus>
            <onfocus condition="String.IsEqual(ListItem.SortLetter,L)">SetFocus(8001,12)</onfocus>
            <onfocus condition="String.IsEqual(ListItem.SortLetter,M)">SetFocus(8001,13)</onfocus>
            <onfocus condition="String.IsEqual(ListItem.SortLetter,N)">SetFocus(8001,14)</onfocus>
            <onfocus condition="String.IsEqual(ListItem.SortLetter,O)">SetFocus(8001,15)</onfocus>
            <onfocus condition="String.IsEqual(ListItem.SortLetter,P)">SetFocus(8001,16)</onfocus>
            <onfocus condition="String.IsEqual(ListItem.SortLetter,Q)">SetFocus(8001,17)</onfocus>
            <onfocus condition="String.IsEqual(ListItem.SortLetter,R)">SetFocus(8001,18)</onfocus>
            <onfocus condition="String.IsEqual(ListItem.SortLetter,S)">SetFocus(8001,19)</onfocus>
            <onfocus condition="String.IsEqual(ListItem.SortLetter,T)">SetFocus(8001,20)</onfocus>
            <onfocus condition="String.IsEqual(ListItem.SortLetter,U)">SetFocus(8001,21)</onfocus>
            <onfocus condition="String.IsEqual(ListItem.SortLetter,V)">SetFocus(8001,22)</onfocus>
            <onfocus condition="String.IsEqual(ListItem.SortLetter,W)">SetFocus(8001,23)</onfocus>
            <onfocus condition="String.IsEqual(ListItem.SortLetter,X)">SetFocus(8001,24)</onfocus>
            <onfocus condition="String.IsEqual(ListItem.SortLetter,Y)">SetFocus(8001,25)</onfocus>
            <onfocus condition="String.IsEqual(ListItem.SortLetter,Z)">SetFocus(8001,26)</onfocus>
        </control>
        <control type="group">
            <left>150</left>
            <right>40</right>
            <top>70</top>
            <height>alphabet_item_height</height>
            <control type="panel" id="8001">
                <visible allowhiddenfocus="true">Control.HasFocus(8001)</visible>
                <orientation>horizontal</orientation>
                <height>alphabet_item_height</height>
                <onup>50</onup>
                <ondown>50</ondown>
                <itemlayout height="alphabet_item_height" width="42">
                    <control type="label">
                        <aligny>center</aligny>
                        <align>center</align>
                        <height>alphabet_item_height</height>
                        <label>$INFO[ListItem.Label]</label>
                        <textcolor>main_fg_70</textcolor>
                        <animation effect="fade" start="100" end="10" time="0" condition="!String.IsEmpty(ListItem.Property(NotAvailable))">Conditional</animation>
                    </control>
                    <control type="label">
                        <aligny>center</aligny>
                        <align>center</align>
                        <height>alphabet_item_height</height>
                        <label>$INFO[ListItem.Label]</label>
                        <textcolor>main_fg_100</textcolor>
                        <font>font_small_bold</font>
                        <visible>String.IsEqual(ListItem.Label,Container.ListItem.SortLetter) | [String.IsEqual(ListItem.Label,#) + !String.IsEqual(Container.ListItem.SortLetter,A) + !String.IsEqual(Container.ListItem.SortLetter,B) + !String.IsEqual(Container.ListItem.SortLetter,C) + !String.IsEqual(Container.ListItem.SortLetter,D) + !String.IsEqual(Container.ListItem.SortLetter,E) + !String.IsEqual(Container.ListItem.SortLetter,F) + !String.IsEqual(Container.ListItem.SortLetter,G) + !String.IsEqual(Container.ListItem.SortLetter,H) + !String.IsEqual(Container.ListItem.SortLetter,I) + !String.IsEqual(Container.ListItem.SortLetter,J) + !String.IsEqual(Container.ListItem.SortLetter,K) + !String.IsEqual(Container.ListItem.SortLetter,L) + !String.IsEqual(Container.ListItem.SortLetter,M) + !String.IsEqual(Container.ListItem.SortLetter,N) + !String.IsEqual(Container.ListItem.SortLetter,O) + !String.IsEqual(Container.ListItem.SortLetter,P) + !String.IsEqual(Container.ListItem.SortLetter,Q) + !String.IsEqual(Container.ListItem.SortLetter,R) + !String.IsEqual(Container.ListItem.SortLetter,S) + !String.IsEqual(Container.ListItem.SortLetter,T) + !String.IsEqual(Container.ListItem.SortLetter,U) + !String.IsEqual(Container.ListItem.SortLetter,V) + !String.IsEqual(Container.ListItem.SortLetter,W) + !String.IsEqual(Container.ListItem.SortLetter,X) + !String.IsEqual(Container.ListItem.SortLetter,Y) + !String.IsEqual(Container.ListItem.SortLetter,Z)]</visible>
                    </control>
                </itemlayout>
                <focusedlayout height="alphabet_item_height" width="42">
                    <control type="image">
                        <height>4</height>
                        <bottom>0</bottom>
                        <texture colordiffuse="$VAR[ColorHighlight]">common/white.png</texture>
                    </control>
                    <control type="label">
                        <aligny>center</aligny>
                        <align>center</align>
                        <height>alphabet_item_height</height>
                        <label>$INFO[ListItem.Label]</label>
                        <textcolor>Selected</textcolor>
                        <animation effect="fade" start="100" end="10" time="0" condition="!String.IsEmpty(ListItem.Property(NotAvailable))">Conditional</animation>
                    </control>
                    <control type="label">
                        <aligny>center</aligny>
                        <align>center</align>
                        <height>alphabet_item_height</height>
                        <label>$INFO[ListItem.Label]</label>
                        <textcolor>Selected</textcolor>
                        <font>font_small_bold</font>
                        <visible>String.IsEqual(ListItem.Label,Container.ListItem.SortLetter) | [String.IsEqual(ListItem.Label,#) + !String.IsEqual(Container.ListItem.SortLetter,A) + !String.IsEqual(Container.ListItem.SortLetter,B) + !String.IsEqual(Container.ListItem.SortLetter,C) + !String.IsEqual(Container.ListItem.SortLetter,D) + !String.IsEqual(Container.ListItem.SortLetter,E) + !String.IsEqual(Container.ListItem.SortLetter,F) + !String.IsEqual(Container.ListItem.SortLetter,G) + !String.IsEqual(Container.ListItem.SortLetter,H) + !String.IsEqual(Container.ListItem.SortLetter,I) + !String.IsEqual(Container.ListItem.SortLetter,J) + !String.IsEqual(Container.ListItem.SortLetter,K) + !String.IsEqual(Container.ListItem.SortLetter,L) + !String.IsEqual(Container.ListItem.SortLetter,M) + !String.IsEqual(Container.ListItem.SortLetter,N) + !String.IsEqual(Container.ListItem.SortLetter,O) + !String.IsEqual(Container.ListItem.SortLetter,P) + !String.IsEqual(Container.ListItem.SortLetter,Q) + !String.IsEqual(Container.ListItem.SortLetter,R) + !String.IsEqual(Container.ListItem.SortLetter,S) + !String.IsEqual(Container.ListItem.SortLetter,T) + !String.IsEqual(Container.ListItem.SortLetter,U) + !String.IsEqual(Container.ListItem.SortLetter,V) + !String.IsEqual(Container.ListItem.SortLetter,W) + !String.IsEqual(Container.ListItem.SortLetter,X) + !String.IsEqual(Container.ListItem.SortLetter,Y) + !String.IsEqual(Container.ListItem.SortLetter,Z)]</visible>
                    </control>
                    <include>Object_AlphabetStrip_Skipper</include>
                </focusedlayout>
                <content>plugin://script.skin.helper.service/?action=alphabet&amp;reload=$INFO[Container.NumItems]</content>
            </control>
        </control>
    </include>

    <include name="Object_Scrollbar_Vert">
        <control type="scrollbar" id="60">
            <onback>50</onback>
            <right>0</right>
            <width>8</width>
            <top>0</top>
            <bottom>0</bottom>
            <showonepage>true</showonepage>
            <orientation>vertical</orientation>
            <onright condition="[String.IsEqual(Container.SortMethod,$LOCALIZE[551]) | String.IsEqual(Container.SortMethod,$LOCALIZE[556]) | String.IsEqual(Container.SortMethod,$LOCALIZE[557]) | String.IsEqual(Container.SortMethod,$LOCALIZE[558])] + !Container.Content(seasons) + [Control.IsEnabled(3) | Control.IsEnabled(4)] + !Skin.HasSetting(DisableAlphabetStrip)">SetFocus(8000)</onright>
            <onright condition="![[String.IsEqual(Container.SortMethod,$LOCALIZE[551]) | String.IsEqual(Container.SortMethod,$LOCALIZE[556]) | String.IsEqual(Container.SortMethod,$LOCALIZE[557]) | String.IsEqual(Container.SortMethod,$LOCALIZE[558])] + !Container.Content(seasons) + [Control.IsEnabled(3) | Control.IsEnabled(4)]] + !Skin.HasSetting(DisableAlphabetStrip)">Notification($LOCALIZE[161],$LOCALIZE[31334])</onright>
            <onleft>50</onleft>
            <texturesliderbackground colordiffuse="main_fg_12">common/null.png</texturesliderbackground>
            <texturesliderbar colordiffuse="main_fg_30">common/white.png</texturesliderbar>
            <texturesliderbarfocus colordiffuse="$VAR[ColorHighlight]">common/white.png</texturesliderbarfocus>
            <animation effect="fade" start="100" end="0" time="400" condition="!Control.HasFocus(60) + !Container.Scrolling">Conditional</animation>
            <visible>!Window.IsVisible(home)</visible>
            <include>Animation_FadeIn</include>
            <include>Animation_FadeOut</include>
        </control>
    </include>

    <include name="Object_Scrollbar_Horz">
        <control type="scrollbar" id="60">
            <onback>50</onback>
            <height>8</height>
            <left>0</left>
            <right>0</right>
            <width>100%</width>
            <bottom>0</bottom>
            <showonepage>true</showonepage>
            <orientation>horizontal</orientation>
            <onup>50</onup>
            <ondown condition="[String.IsEqual(Container.SortMethod,$LOCALIZE[551]) | String.IsEqual(Container.SortMethod,$LOCALIZE[556]) | String.IsEqual(Container.SortMethod,$LOCALIZE[557]) | String.IsEqual(Container.SortMethod,$LOCALIZE[558])] + !Container.Content(seasons) + [Control.IsEnabled(3) | Control.IsEnabled(4)] + !Skin.HasSetting(DisableAlphabetStrip)">SetFocus(8000)</ondown>
            <ondown condition="![[String.IsEqual(Container.SortMethod,$LOCALIZE[551]) | String.IsEqual(Container.SortMethod,$LOCALIZE[556]) | String.IsEqual(Container.SortMethod,$LOCALIZE[557]) | String.IsEqual(Container.SortMethod,$LOCALIZE[558])] + !Container.Content(seasons) + [Control.IsEnabled(3) | Control.IsEnabled(4)]] + !Skin.HasSetting(DisableAlphabetStrip)">Notification($LOCALIZE[161],$LOCALIZE[31334])</ondown>
            <texturesliderbackground colordiffuse="main_fg_12">common/null.png</texturesliderbackground>
            <texturesliderbar colordiffuse="main_fg_30">common/white.png</texturesliderbar>
            <texturesliderbarfocus colordiffuse="$VAR[ColorHighlight]">common/white.png</texturesliderbarfocus>
            <animation effect="fade" start="100" end="0" time="400" condition="!Control.HasFocus(60) + !Container.Scrolling">Conditional</animation>
            <visible>!Window.IsVisible(home)</visible>
            <include>Animation_FadeIn</include>
            <include>Animation_FadeOut</include>
        </control>
    </include>

    <include name="Object_PlotOverlay">
         <control type="group">
            <control type="group">
                <visible>Control.HasFocus(9601)</visible>
                <include>Animation_FadeIn</include>
                <control type="image" description="Background">
                    <width>100%</width>
                    <height>100%</height>
                    <texture colordiffuse="Background">common/white.png</texture>
                    <animation effect="fade" start="100" end="90" condition="true">Conditional</animation>
                </control>
            </control>

            <control type="scrollbar" id="9601">
                <top>100</top>
                <left>-1000</left>
                <bottom>100</bottom>
                <onback condition="Control.IsVisible(9000)">9000</onback>
                <onup condition="Control.IsVisible(9000)">9000</onup>
                <onleft condition="Control.IsVisible(9000)">9000</onleft>
                <onright condition="Control.IsVisible(9000)">9000</onright>
                <ondown condition="Control.IsVisible(9000)">9000</ondown>
                <onback condition="Control.IsVisible(3000)">3000</onback>
                <onup condition="Control.IsVisible(3000)">3000</onup>
                <onleft condition="Control.IsVisible(3000)">3000</onleft>
                <onright condition="Control.IsVisible(3000)">3000</onright>
                <ondown condition="Control.IsVisible(3000)">3000</ondown>
                <onback condition="!Control.IsVisible(3000) + !Control.IsVisible(9000)">50</onback>
                <onup condition="!Control.IsVisible(3000) + !Control.IsVisible(9000)">50</onup>
                <onleft condition="!Control.IsVisible(3000) + !Control.IsVisible(9000)">50</onleft>
                <onright condition="!Control.IsVisible(3000) + !Control.IsVisible(9000)">50</onright>
                <ondown condition="!Control.IsVisible(3000) + !Control.IsVisible(9000)">50</ondown>
                <showonepage>true</showonepage>
                <width>8</width>
                <orientation>vertical</orientation>
                <animation effect="fade" condition="true" time="0" start="100" end="0">Conditional</animation>
            </control>

            <control type="group">
                <left>sidepad</left>
                <right>sidepad</right>
                <top>sidepad</top>
                <bottom>sidepad</bottom>
                <visible>Control.HasFocus(9601)</visible>
                <include>Animation_FadeIn</include>
                <control type="group">
                    <left>40</left>
                    <right>40</right>
                    <top>60</top>
                    <bottom>35</bottom>
                    <control type="group">
                        <top>90</top>
                        <visible>Container(9609).HasPrevious</visible>
                        <include>Animation_FadeIn</include>
                        <include>Animation_FadeOut</include>
                        <control type="image">
                            <width>16</width>
                            <height>16</height>
                            <texture colordiffuse="main_fg_100" flipy="true">common/arrow-small.png</texture>
                            <centerleft>50%</centerleft>
                            <top>10</top>
                        </control>
                        <control type="image">
                            <width>16</width>
                            <height>16</height>
                            <texture colordiffuse="main_fg_100" flipy="true">common/arrow-small.png</texture>
                            <centerleft>50%</centerleft>
                            <top>0</top>
                        </control>
                    </control>

                    <control type="group">
                        <bottom>-30</bottom>
                        <visible>Container(9609).HasNext</visible>
                        <include>Animation_FadeIn</include>
                        <include>Animation_FadeOut</include>
                        <control type="image">
                            <width>16</width>
                            <height>16</height>
                            <texture colordiffuse="main_fg_100" flipy="false">common/arrow-small.png</texture>
                            <centerleft>50%</centerleft>
                            <bottom>0</bottom>
                        </control>
                        <control type="image">
                            <width>16</width>
                            <height>16</height>
                            <texture colordiffuse="main_fg_100" flipy="false">common/arrow-small.png</texture>
                            <centerleft>50%</centerleft>
                            <bottom>10</bottom>
                        </control>
                    </control>

                    <control type="label">
                        <description>header label</description>
                        <left>20</left>
                        <right>20</right>
                        <height>45</height>
                        <font>font_overlay_title</font>
                        <textcolor>main_fg_100</textcolor>
                        <label>$VAR[Label_OverlayTitle]</label>
                    </control>

                    <control type="textbox" id="9609">
                        <description>textarea</description>
                        <left>20</left>
                        <right>20</right>
                        <top>120</top>
                        <bottom>0</bottom>
                        <align>left</align>
                        <textcolor>main_fg_70</textcolor>
                        <font>font_overlay_plotbox</font>
                        <label>$VAR[Label_OverlayPlot]</label>
                        <pagecontrol>9601</pagecontrol>
                        <autoscroll delay="8000" time="4000" repeat="12000">false</autoscroll>
                    </control>
                </control>
            </control>
        </control>

        <control type="group">
            <visible>Control.HasFocus(9602)</visible>
            <include>Animation_FadeIn</include>
            <include>Animation_FadeOut</include>
            <control type="image">
                <texture colordiffuse="main_bg_100">common/white.png</texture>
                <aspectratio>scale</aspectratio>
            </control>
            <control type="multiimage">
                <timeperimage>10000</timeperimage>
                <randomize>true</randomize>
                <fadetime>600</fadetime>
                <imagepath background="true">$VAR[Global_Background_Image_Var]</imagepath>
                <aspectratio>scale</aspectratio>
            </control>
        </control>

        <control type="button" id="9602">
            <onleft>300</onleft>
            <onup>300</onup>
            <ondown>300</ondown>
            <onright>300</onright>
            <onclick>SetFocus(300)</onclick>
            <onback>300</onback>
            <include>Defs_Hidden_Button</include>
        </control>

    </include>


    <include name="Object_Youtube_Recommended">
        <control type="group">
            <bottom>48</bottom>
            <height>410</height>
            <include condition="String.IsEmpty(Window(Home).Property(OSDViewMode))">Animation_FadeIn</include>
            <visible>Control.HasFocus(9605)</visible>
            <control type="image">
                <texture colordiffuse="panel_bg">common/white.png</texture>
            </control>
            <!-- <control type="image">
                <top>-24</top>
                <height>24</height>
                <width>100%</width>
                <texture flipy="true">common/shadow-line-24px.png</texture>
            </control> -->
            <control type="button">
                <top>-40</top>
                <height>40</height>
                <left>40</left>
                <textcolor>panel_fg_70</textcolor>
                <font>font_osd_submenu</font>
                <width>auto</width>
                <aligny>center</aligny>
                <texturenofocus colordiffuse="panel_bg">common/white.png</texturenofocus>
                <textoffsetx>20</textoffsetx>
                <label>$LOCALIZE[31073]</label>
            </control>
            <control type="group">
                <animation effect="fade" start="100" end="0" condition="Container(9605).IsUpdating" time="200">Conditional</animation>
                <control type="wraplist" id="9605">
                    <visible>String.Contains(Player.Art(thumb),ytimg)</visible>
                    <orientation>horizontal</orientation>
                    <onup>Close</onup>
                    <ondown>Close</ondown>
                    <focusposition>1</focusposition>
                    <preloaditems>2</preloaditems>
                    <itemlayout width="502" height="370">
                        <control type="group">
                            <top>20</top>
                            <left>221</left>
                            <right>-221</right>
                            <bottom>-20</bottom>
                            <control type="image">
                                <height>300</height>
                                <bordersize>20</bordersize>
                                <texture background="true">$INFO[ListItem.Icon]</texture>
                            </control>
                            <control type="label">
                                <textcolor>panel_fg_70</textcolor>
                                <label>$INFO[ListItem.Label]</label>
                                <top>300</top>
                                <height>30</height>
                                <left>20</left>
                                <right>20</right>
                                <font>font_tiny</font>
                            </control>
                            <control type="label">
                                <textcolor>panel_fg_70</textcolor>
                                <label>$INFO[ListItem.Premiered]</label>
                                <top>340</top>
                                <height>30</height>
                                <left>20</left>
                                <right>20</right>
                                <font>font_tiny</font>
                            </control>
                            <control type="label">
                                <textcolor>panel_fg_70</textcolor>
                                <label>$INFO[ListItem.Label2]</label>
                                <top>340</top>
                                <height>30</height>
                                <left>20</left>
                                <right>20</right>
                                <font>font_tiny</font>
                                <align>right</align>
                            </control>
                        </control>
                    </itemlayout>
                    <focusedlayout width="502" height="370">
                        <control type="group">
                            <top>20</top>
                            <left>221</left>
                            <right>-221</right>
                            <bottom>-20</bottom>
                            <control type="image">
                                <height>300</height>
                                <bordersize>20</bordersize>
                                <texture background="true">$INFO[ListItem.Icon]</texture>
                            </control>
                            <control type="group">
                                <left>10</left>
                                <right>10</right>
                                <top>10</top>
                                <height>280</height>
                                <include>View_Selectbox</include>
                            </control>
                            <control type="label">
                                <textcolor>panel_fg_100</textcolor>
                                <label>$INFO[ListItem.Label]</label>
                                <top>300</top>
                                <height>30</height>
                                <left>20</left>
                                <right>20</right>
                                <font>font_tiny</font>
                            </control>
                            <control type="label">
                                <textcolor>panel_fg_100</textcolor>
                                <label>$INFO[ListItem.Premiered]</label>
                                <top>340</top>
                                <height>30</height>
                                <left>20</left>
                                <right>20</right>
                                <font>font_tiny</font>
                            </control>
                            <control type="label">
                                <textcolor>panel_fg_100</textcolor>
                                <label>$INFO[ListItem.Label2]</label>
                                <top>340</top>
                                <height>30</height>
                                <left>20</left>
                                <right>20</right>
                                <font>font_tiny</font>
                                <align>right</align>
                            </control>
                        </control>
                    </focusedlayout>
                    <content>plugin://plugin.video.youtube/special/related_videos/?video_id=$INFO[Window(Home).Property(ThumbSplit2)]</content>
                </control>
            </control>
            <control type="group">
                <include>Defs_BusySpinner</include>
                <visible>Container(9605).IsUpdating</visible>
            </control>
        </control>
    </include>
</includes>
