<?xml version="1.0" encoding="UTF-8" standalone="yes"?>
<window type="window">
    <!--backgroundcolor>0x00000000</backgroundcolor-->
    <!--animation effect="fade" time="16000">WindowOpen</animation-->
    <!--animation type="WindowOpen">
        <effect type="fade" time="16000" />
        <effect type="rotatey" start="-160" end="0" time="16000" />
    </animation-->
    <controls>
        <control type="image" id="100">
            <description>Background Layer 1 Bottom</description>
            <posx>0</posx>
            <posy>0</posy>
            <width>ScreenWidth</width>
            <height>ScreenHeight</height>
            <texture>blank1.png</texture>
        </control>
        <control type="image" id="101">
            <description>Background Layer 2 Top</description>
            <!--animation effect="rotatey" start="-160" end="0" time="16000">WindowOpen</animation-->
            <posx>0</posx>
            <posy>0</posy>
            <width>ScreenWidth</width>
            <height>ScreenHeight</height>
            <texture>blank1.png</texture>
            <aspectratio scalediffuse="false" align="center" aligny="top">stretch</aspectratio>
        </control>
    </controls>
</window>
