<?xml version="1.0" encoding="UTF-8" standalone="yes"?>
<addon id="plugin.audio.paradiseradio"
       name="Paradise Radio"
       version="3.0.0"
       provider-name="DSS">
  <requires>
    <import addon="xbmc.python" version="2.1.0"/>


  </requires>
  <extension point="xbmc.python.pluginsource" library="default.py">
	<provides>audio</provides>
  </extension>
  <extension point="xbmc.addon.metadata">
	<summary lang="en">Paradise Radio</summary>
    <description lang="en">Paradise Radio</description>
    <platform>all</platform>
  </extension>
</addon>
