<?xml version="1.0" encoding="UTF-8" standalone="yes"?>
<addon 
	id="plugin.video.gamekings" 
	name="GameKings" 
	version="1.2.13"
	provider-name="Skipmode A1">
  <requires>
    <import addon="xbmc.python"                     version="2.14.0"/>
    <import addon="script.module.beautifulsoup4"    version="4.5.3"/>
    <import addon="script.module.requests"          version="2.4.3"/>
    <import addon="script.module.future"            version="0.0.1"/>
  	<import addon="script.module.html5lib"          version="0.999.0"/>
    <import addon="plugin.video.youtube" 		    version="5.1.7" />
    <import addon="plugin.video.twitch"             version="1.4.5"/>
    <import addon="plugin.video.vimeo"              version="4.1.4"/>
  </requires>
  <extension point="xbmc.python.pluginsource" 	library="addon.py">
    <provides>video</provides>
  </extension>
  <extension point="xbmc.addon.metadata">
	  <platform>all</platform>
  	<summary lang="en">Watch videos from Gamekings.tv (dutch)</summary>
	  <description lang="en">Watch videos from Gamekings.tv (dutch)</description>
	  <disclaimer lang="en">For bugs, requests or general questions visit the Gamekings.tv thread on the Kodi forum.</disclaimer>
	  <summary lang="nl">Bekijk videos van Gamekings.tv (dutch)</summary>
	  <description lang="nl">Bekijk videos van Gamekings.tv (dutch)</description>
	  <disclaimer lang="nl">Bugs of andere feedback op deze plugin kan geplaatst worden in de Gamekings.tv thread op het Kodi forum.</disclaimer>
    <language>nl</language>
    <platform>all</platform>
    <license>GNU GENERAL PUBLIC LICENSE. Version 2, June 1991</license>
    <forum>http://forum.xbmc.org/showthread.php?tid=161375</forum>
    <website>https://www.gamekings.tv</website>
    <email></email>
    <source>https://github.com/skipmodea1/plugin.video.gamekings</source>
    <news>v1.2.13 (2018-05-18)
    - prefix the titles of premium-only videos with an asterisk
    - using news-tag in addon.xml
    - showing a popup when it's a twitch live stream</news>
  </extension>
</addon>