<?xml version="1.0" encoding="utf-8"?>
<window type="dialog">
	<allowoverlay>no</allowoverlay>
	<defaultcontrol always="false">4000</defaultcontrol>
	<coordinates>
		<system>1</system>
		<posx>700</posx>
		<posy>268</posy>
	</coordinates>
    <animation effect="" start="300,0" end="0,0" time="500">WindowOpen</animation>
    <animation effect="" start="0,0" end="300,0" time="500">WindowClose</animation>
    <controls>

        <control type="image">
            <posx>0</posx>
            <posy>0</posy>
            <width>513</width>
            <height>451</height>
            <texture>tvguide-menu-bkgrd.png</texture>
        </control>
        <control type="image">
            <posx>-700</posx>
            <posy>-268</posy>
            <width>1280</width>
            <height>720</height>
            <texture>menu_bg.png</texture>
        </control>
			<control type="image">
                <description>iVue logo</description>
                <posx>-660</posx>
                <posy>-250</posy>
                <width>170</width>
                <height>50</height>
                <aspectratio>keep</aspectratio>
                <fadetime>500</fadetime>
                <texture>ondemand.png</texture>
            </control>
			<control type="image">
                <description>iVue logo</description>
                <posx>-672</posx>
                <posy>-200</posy>
                <width>130</width>
                <height>23</height>
                <aspectratio>keep</aspectratio>
                <fadetime>500</fadetime>
                <texture>players.png</texture>
            </control>

			
			<control type="image" id="4100">
				<posx>-630</posx>
				<posy>-190</posy>
				<width>108</width>
				<height>54</height>
				<aspectratio>keep</aspectratio>
				<visible>false</visible>
			</control>
				
				<control type="label">
                    <description>Selected</description>
                    <posx>-626</posx>
                    <posy>-196</posy>
                    <width>150</width>
                    <height>16</height>
                    <textcolor>ffffffff</textcolor>
                    <font>font13</font>
					<align>left</align>
                    <aligny>center</aligny>
					<label>Selected</label>
					<visible>false</visible>
                </control>
				
				<control type="label">
                    <description>Channel</description>
                    <posx>-625</posx>
                    <posy>-176</posy>
                    <width>160</width>
                    <height>16</height>
                    <textcolor>ffffffff</textcolor>
                    <font>font13</font>
					<align>left</align>
                    <aligny>center</aligny>
					<label>Channel</label>
					<visible>false</visible>
                </control>

			
        <control type="label" id="4101">
            <posx>-0</posx>
            <posy>-0</posy>
            <width>240</width>
            <height>30</height>
            <align>center</align>
            <aligny>center</aligny>
            <font>osdTitle</font>
            <textcolor>ffffffff</textcolor>
			<visible>false </visible>
        </control>

        <control type="button" id="4000"><!-- watch -->
            <posx>-628</posx>
            <posy>-120</posy>
            <width>240</width>
            <height>30</height>
            <texturefocus>menu button-focus.png</texturefocus>
			<texturenofocus>menu button.png</texturenofocus>
            <onup>4000</onup>
            <ondown>4002</ondown>
            <align>center</align>
            <aligny>center</aligny>
            <font>font13</font>
            <textcolor>ffffffff</textcolor>
			<visible>false </visible>
        </control>

        <control type="label" id="4102"><!-- Show Title -->
            <posx>-750</posx>
            <posy>-140</posy>
            <width>500</width>
            <height>30</height>
            <align>center</align>
            <aligny>center</aligny>
            <font>tvg_font13</font>
            <textcolor>ffffffff</textcolor>
			<visible>false </visible>
        </control>
		
        <control type="button" id="80000"><!-- GENESIS -->
            <posx>130</posx>
            <posy>130</posy>
            <width>240</width>
            <height>30</height>
            <texturefocus>tvguide-program-menu-focus.png</texturefocus>
			<texturenofocus>tvguide-program-grey2.png</texturenofocus>
            <onup>4002</onup>
            <ondown>80001</ondown>
            <align>center</align>
            <aligny>center</aligny>
            <font>font13</font>
            <textcolor>ffffffff</textcolor>
			<label>$ADDON[script.apollo.tvguide 80000]</label>
			<visible>false </visible>
        </control>

        <control type="button" id="80003"><!-- My Recordings -->
            <posx>130</posx>
            <posy>220</posy>
            <width>240</width>
            <height>30</height>
            <texturefocus>tvguide-program-menu-focus.png</texturefocus>
			<texturenofocus>tvguide-program-grey2.png</texturenofocus>
            <onup>80002</onup>
            <ondown>80004</ondown>
            <align>center</align>
            <aligny>center</aligny>
            <font>font13</font>
            <textcolor>ffffffff</textcolor>
			<label>$ADDON[script.apollo.tvguide 80003]</label>
			<visible>false </visible>
        </control>
		
        <control type="button" id="4001"><!-- Choose Stream -->
            <posx>-155</posx>
            <posy>323</posy>
            <width>192</width>
            <height>62</height>
            <texturefocus>menubutt_focus.png</texturefocus>
			<texturenofocus>menubutt.png</texturenofocus>
            <onup>7107</onup>
            <ondown>4001</ondown>
            <onleft>4003</onleft>
            <onright>4002</onright>
            <align>center</align>
            <aligny>center</aligny>
            <font>tvg_font13</font>
            <textcolor>ffffffff</textcolor>
            <label>$ADDON[script.apollo.tvguide 30304]</label>
        </control>
#        <control type="label"> <!-- Choose Stream Text -->
#            <posx>-155</posx>
#            <posy>-323</posy>
#            <width>192</width>
#            <height>62</height>
#            <font>tvg_font13</font>
#            <textcolor>ffffffff</textcolor>
#            <label>$ADDON[script.apollo.tvguide 30305]</label>
#            <wrapmultiline>true</wrapmultiline>
#        </control>

        <control type="image">
            <posx>-158</posx>
            <posy>323</posy>
            <width>3</width>
            <height>62</height>
            <texture>menuspace.png</texture>
        </control>

		<control type="button" id="4003"><!-- CHANNELS -->
            <posx>-350</posx>
            <posy>323</posy>
            <width>192</width>
            <height>62</height>
            <texturefocus>menubutt_focus.png</texturefocus>
			<texturenofocus>menubutt.png</texturenofocus>
            <onup>7107</onup>
            <ondown>4003</ondown>
            <onleft>4442</onleft>
            <onright>4001</onright>
            <align>center</align>
            <aligny>center</aligny>
            <font>tvg_font13</font>
            <textcolor>ffffffff</textcolor>
            <label>$ADDON[script.apollo.tvguide 30307]</label>
        </control>

        <control type="image">
            <posx>37</posx>
            <posy>323</posy>
            <width>3</width>
            <height>62</height>
            <texture>menuspace.png</texture>
        </control>

        <control type="button" id="4002"><!-- REMINDER -->
            <posx>40</posx>
            <posy>323</posy>
            <width>192</width>
            <height>62</height>
            <texturefocus>menubutt_focus.png</texturefocus>
			<texturenofocus>menubutt.png</texturenofocus>
            <onup>7107</onup>
            <ondown>4002</ondown>
            <onleft>4001</onleft>
            <onright>4004</onright>
            <align>center</align>
            <aligny>center</aligny>
            <font>tvg_font13</font>
            <textcolor>ffffffff</textcolor>
        </control>
		
        <control type="image">
            <posx>-353</posx>
            <posy>323</posy>
            <width>3</width>
            <height>62</height>
            <texture>menuspace.png</texture>
        </control>

        <control type="image">

            <posx>-701</posx>
            <posy>323</posy>
            <width>153</width>
            <height>62</height>
            <texture>menuendl.png</texture>
        </control>


        <control type="image">
            <posx>-548</posx>
            <posy>323</posy>
            <width>3</width>
            <height>62</height>
            <texture>menuspace.png</texture>
        </control>

        <control type="button" id="4442"><!-- ivuesettings -->
            <onclick>Addon.openSettings(script.apollo.tvguide)</onclick>
            <posx>-545</posx>
            <posy>323</posy>
            <width>192</width>
            <height>62</height>
            <texturefocus>menubutt_focus.png</texturefocus>
			<texturenofocus>menubutt.png</texturenofocus>
            <onup>7107</onup>
            <ondown>4442</ondown>
            <onleft>4004</onleft>
            <onright>4003</onright>
            <align>center</align>
            <aligny>center</aligny>
            <font>tvg_font13</font>
            <textcolor>ffffffff</textcolor>
			<label>iVue Settings</label>
			<visible>true</visible>
        </control>
		
        <control type="image">
            <posx>229</posx>
            <posy>323</posy>
            <width>3</width>
            <height>62</height>
            <texture>menuspace.png</texture>
        </control>

        <control type="button" id="4004"><!-- Exit Guide -->
            <posx>232</posx>
            <posy>323</posy>
            <width>192</width>
            <height>62</height>
            <texturefocus>menubutt_focus.png</texturefocus>
			<texturenofocus>menubutt.png</texturenofocus>
            <onup>7107</onup>
            <ondown>4004</ondown>
            <onleft>4002</onleft>
            <onright>4442</onright>
            <align>center</align>
            <aligny>center</aligny>
            <font>tvg_font13</font>
            <textcolor>ffffffff</textcolor>
			<label>$ADDON[script.apollo.tvguide 30308]</label>
			<visible>true</visible>
        </control>

        <control type="image">
            <posx>424</posx>
            <posy>323</posy>
            <width>3</width>
            <height>62</height>
            <texture>menuspace.png</texture>
        </control>

        <control type="image">
            <posx>427</posx>
            <posy>323</posy>
            <width>153</width>
            <height>62</height>
            <texture>menuendr.png</texture>
        </control>

        <control type="button" id="4443"><!-- iPlayer -->
            <onclick>RunAddon(plugin.video.iplayerwww)</onclick>
            <posx>-661</posx>
            <posy>-79</posy>
            <width>240</width>
            <height>176</height>
            <texturefocus>bbciplayer_focus.png</texturefocus>
			<texturenofocus>bbciplayer.png</texturenofocus>
            <onup>4001</onup>
            <ondown>7102</ondown>
            <onleft>4444</onleft>
            <onright>7001</onright>
			<label>$ADDON[script.apollo.tvguide 80005]</label>
		</control>


        <control type="button" id="7001"><!-- itv player -->
            <onclick>RunAddon(plugin.video.itv)</onclick>
            <posx>-421</posx>
            <posy>-79</posy>
            <width>240</width>
            <height>176</height>
            <texturefocus>itvplayer_focus.png</texturefocus>
			<texturenofocus>itvplayer.png</texturenofocus>
            <onup>4001</onup>
            <ondown>7103</ondown>
            <onleft>4443</onleft>
            <onright>4447</onright>
			<label>$ADDON[script.apollo.tvguide 80005]</label>
		</control>
		
        <control type="button" id="4447"><!-- networks -->
            <onclick>RunAddon(plugin.video.exodus,action=tvNetworks)</onclick>
            <posx>-181</posx>
            <posy>-79</posy>
            <width>240</width>
            <height>176</height>
            <texturefocus>networks_focus.png</texturefocus>
			<texturenofocus>networks.png</texturenofocus>
            <onup>4001</onup>
            <ondown>7107</ondown>
            <onleft>7001</onleft>
            <onright>4441</onright>
			<label>$ADDON[script.apollo.tvguide 4447]</label>
		</control>
		
        <control type="button" id="4441"><!-- cartoons -->
            <onclick>RunAddon(plugin.video.cartoons8)</onclick>
            <posx>59</posx>
            <posy>-79</posy>
            <width>240</width>
            <height>176</height>
            <texturefocus>cartoons_focus.png</texturefocus>
			<texturenofocus>cartoons.png</texturenofocus>
            <onup>4001</onup>
            <ondown>4446</ondown>
            <onleft>4447</onleft>
            <onright>4444</onright>
			<label>$ADDON[script.apollo.tvguide 80005]</label>
		</control>

        <control type="button" id="4444"><!-- sports -->
            <onclick>RunAddon(plugin.video.projectd)</onclick>
            <posx>299</posx>
            <posy>-79</posy>
            <width>240</width>
            <height>176</height>
            <texturefocus>sports_focus.png</texturefocus>
			<texturenofocus>sports.png</texturenofocus>
            <onup>4001</onup>
            <ondown>4445</ondown>
            <onleft>4441</onleft>
            <onright>4443</onright>
			<label>$ADDON[script.apollo.tvguide 80005]</label>
        </control>

        <control type="button" id="7102"><!-- movies -->
            <onclick>RunScript(script.extendedinfo,info=list,type=movie)</onclick>
            <posx>-661</posx>
            <posy>97</posy>
            <width>240</width>
            <height>176</height>
            <texturefocus>movies_focus.png</texturefocus>
			<texturenofocus>movies.png</texturenofocus>
            <onup>4443</onup>
            <ondown>4001</ondown>
            <onleft>4445</onleft>
            <onright>7103</onright>
			<label>$ADDON[script.apollo.tvguide 80005]</label>
		</control>
		
        <control type="button" id="7103"><!-- tv shows -->
            <onclick>RunScript(script.extendedinfo,info=list,type=tv)</onclick>
            <posx>-421</posx>
            <posy>97</posy>
            <width>240</width>
            <height>176</height>
            <texturefocus>tvshows_focus.png</texturefocus>
			<texturenofocus>tvshows.png</texturenofocus>
            <onup>7001</onup>
            <ondown>4001</ondown>
            <onleft>7102</onleft>
            <onright>7107</onright>
			<label>$ADDON[script.apollo.tvguide 80005]</label>
        </control>
		
        <control type="button" id="7107"><!-- youtube -->
            <onclick>RunAddon(plugin.video.youtube)</onclick>
            <posx>-181</posx>
            <posy>97</posy>
            <width>240</width>
            <height>176</height>
            <texturefocus>youtube_focus.png</texturefocus>
			<texturenofocus>youtube.png</texturenofocus>
            <onup>4447</onup>
            <ondown>4001</ondown>
            <onleft>7103</onleft>
            <onright>4446</onright>
			<label>$ADDON[script.apollo.tvguide 80005]</label>
		</control>
		
        <control type="button" id="4446"><!-- iVue creator -->
            <onclick>RunAddon(plugin.video.IVUEcreator)</onclick>
            <posx>59</posx>
            <posy>97</posy>
            <width>240</width>
            <height>176</height>
            <texturefocus>ivuecreator_focus.png</texturefocus>
			<texturenofocus>ivuecreator.png</texturenofocus>
            <onup>4441</onup>
            <ondown>4001</ondown>
            <onleft>7107</onleft>
            <onright>4445</onright>
			<label>$ADDON[script.apollo.tvguide 80005]</label>
        </control>
		
        <control type="button" id="4445"><!-- back to guide -->
            <onclick>ReplaceWindow(window,dir)</onclick>
            <posx>299</posx>
            <posy>97</posy>
            <width>240</width>
            <height>176</height>
            <texturefocus>tvguide_focus.png</texturefocus>
			<texturenofocus>tvguide.png</texturenofocus>
            <onup>4444</onup>
            <ondown>4001</ondown>
            <onleft>4446</onleft>
            <onright>7102</onright>
			<label>$ADDON[script.apollo.tvguide 80005]</label>
        </control>
	</controls>
</window>
