<?xml version="1.0" encoding="UTF-8"?>
<addon id="plugin.audio.rac"
version="1.0.2"
name="[COLOR red]Rock Against Communism[/COLOR]"
provider-name="[COLOR black]THE[/COLOR] [COLOR white]FOURTH[/COLOR] [COLOR red]REICH[/COLOR]">
<requires>
  <import addon="xbmc.python" version="2.1.0"/>
</requires>
<extension point="xbmc.python.pluginsource" library="main.py">
  <provides>audio</provides>
</extension>
<extension point="xbmc.addon.metadata">
  <summary lang="de">Free RAC Albums and Concert</summary>
  <description lang="de_DE">Sie dachten das die deutsche Eiche stirbt wenn sie zerschellt, doch tausendfach drueckt sie die neue Saat in deutsche Erde wenn sie faellt...</description>
  <disclaimer lang="de_DE">Defend Europe / Fight the Muslim Evil</disclaimer>
  <assets>
    <icon>icon.png</icon>
    <fanart>fanart.jpg</fanart>    
  </assets>
  <news>Ann1ka I Love U</news>
</extension>
</addon>
