<?xml version="1.0" encoding="utf-8"?>
<window type="dialog">
    <allowoverlay>no</allowoverlay>
    <defaultcontrol always="true">7004</defaultcontrol>
    <coordinates>
        <system>1</system>
        <posx>0</posx>
        <posy>0</posy>
    </coordinates>

    <controls>

        <control type="image">
            <posx>-50</posx>
            <posy>240</posy>
            <width>1330</width>
            <height>40</height>
            <texture>menu-bg2.png</texture>
            <visible>true</visible>
        </control>
			<control type="image">
                <description>TV logo</description>
                <posx>13</posx>
                <posy>130</posy>
                <width>170</width>
                <height>45</height>
                <aspectratio>keep</aspectratio>
                <fadetime>500</fadetime>
                <texture>TV.png</texture>
            </control>
			<control type="image">
                <description>iVue logo</description>
                <posx>50</posx>
                <posy>635</posy>
                <width>160</width>
                <height>45</height>
                <aspectratio>keep</aspectratio>
                <fadetime>500</fadetime>
                <texture>sly.png</texture>
            </control>

      <!-- glassbar -->
		<control type="image">
			<posx>0</posx>
			<posy>230</posy>
			<width>1280</width>
			<height>42</height>
			<texture>infobar.png</texture>
		</control>

        <control type="list" id="7004">
            <description>categories</description>
            <left>7</left>
            <top>239</top>
            <width>1270</width>
            <height>40</height>
            <visible>true</visible>
            <onup></onup>
            <ondown>80005</ondown>
            <onleft></onleft>
            <onright></onright>
            <viewtype label="3D list">list</viewtype>
            <orientation>horizontal</orientation>

            <itemlayout width="260" height="40">
                <control type="image">
                    <posx>0</posx>
                    <posy>0</posy>
                    <width>260</width>
                    <height>40</height>
                    <texture></texture>
                    <visible>true</visible>
                </control>
                <control type="label">
                    <left>0</left>
                    <top>0</top>
                    <width>252</width>
                    <height>40</height>
                    <font>font13</font>
                    <align>center</align>
                    <aligny>center</aligny>
                    <textcolor>FFFFFFFF</textcolor>
                    <selectedcolor>FFFFFFFF</selectedcolor>
                    <info>ListItem.Label</info>
                </control>
            </itemlayout>
            <focusedlayout height="40" width="260">
                <control type="image">
                    <posx>0</posx>
                    <posy>0</posy>
                    <width>260</width>
                    <height>40</height>
                    <texture>tvguide-program-grey-focus.png</texture>
                    <visible>true</visible>
                </control>
                <control type="image">
                    <width>20</width>
                    <height>20</height>
                    <left>15</left>
                    <top>10</top>
                    <texture>tvguide-bullet.png</texture>
                    <visible>true</visible>
                </control>
                <control type="image">
                    <posx>0</posx>
                    <posy>0</posy>
                    <width>260</width>
                    <height>40</height>
                    <texture>Channels.png</texture>
                    <visible>Control.HasFocus(7004)</visible>
                </control>
                <control type="label">
                    <left>0</left>
                    <top>0</top>
                    <width>252</width>
                    <height>40</height>
                    <font>font13</font>
                    <align>center</align>
                    <aligny>center</aligny>
                    <textcolor>FFFFFFFF</textcolor>
                    <selectedcolor>fffea800</selectedcolor>
                    <info>ListItem.Label</info>
                </control>
                <control type="label">
                    <left>0</left>
                    <top>0</top>
                    <width>252</width>
                    <height>40</height>
                    <font>font13</font>
                    <align>center</align>
                    <aligny>center</aligny>
                    <textcolor>white</textcolor>
                    <selectedcolor>ffffffff</selectedcolor>
                    <info>ListItem.Label</info>
                    <visible>Control.HasFocus(7004)</visible>
                </control>
                <control type="image">
                    <width>20</width>
                    <height>20</height>
                    <left>15</left>
                    <top>10</top>
                    <visible>Control.HasFocus(7004)</visible>
                    <texture>tvguide-bullet.png</texture>
                </control>
            </focusedlayout>
        </control>

        <control type="button" id ="80005">
            <description>add cat</description>
            <posx>350</posx>
            <posy>683</posy>
            <width>200</width>
            <height>22</height>
            <texturefocus>tvguide-program-grey-focus.png</texturefocus>
            <texturenofocus>add_cat.png</texturenofocus>
            <onup>7004</onup>
            <ondown></ondown>
            <onright>7003</onright>
            <align>left</align>
            <aligny>center</aligny>
            <font>font13</font>
            <textcolor>ffffffff</textcolor>
            <label>Add Category</label>
            <visible>true</visible>
        </control>

        <control type="button" id="7003">
            <description>exit guide</description>
            <posx>600</posx>
            <posy>683</posy>
            <width>132</width>
            <height>22</height>
            <texturefocus>tvguide-program-grey-focus.png</texturefocus>
            <texturenofocus>touch_close.png</texturenofocus>
            <onup>7004</onup>
            <ondown></ondown>
            <onright>80010</onright>
            <onleft>80005</onleft>
            <align>left</align>
            <aligny>center</aligny>
            <font>font13</font>
            <textcolor>ffffffff</textcolor>
            <label>Exit TV Guide</label>
            <visible>true</visible>
        </control>

        <control type="button" id="80010" >
            <description>exit category</description>
            <posx>850</posx>
            <posy>683</posy>
            <width>130</width>
            <height>22</height>
            <texturefocus>tvguide-program-grey-focus.png</texturefocus>
            <texturenofocus>cancel.png</texturenofocus>
            <onup>7004</onup>
            <ondown></ondown>
            <onleft>7003</onleft>
            <onclick>back</onclick>
            <align>left</align>
            <aligny>center</aligny>
            <font>font13</font>
            <textcolor>ffffffff</textcolor>
            <label>Cancel</label>
            <visible>true</visible>
        </control>

    </controls>
</window>
