<?xml version="1.0" encoding="utf-8"?>
<window type="dialog">
	<allowoverlay>no</allowoverlay>
	<defaultcontrol always="false">4000</defaultcontrol>
	<coordinates>
		<system>1</system>
		<posx></posx>
		<posy></posy>
	</coordinates>
    <animation effect="slide" start="250" end="0" time="300">WindowOpen</animation>
    <animation effect="slide" start="0" end="0" time=",0">WindowClose</animation>
    <controls>

        <control type="image">
            <posx>0</posx>
            <posy>0</posy>
            <width>1280</width>
            <height>720</height>
            <texture>menbg.jpg</texture>
        </control>
        <control type="image">
            <description>verticalbar</description>
            <posx>262</posx>
            <posy>-2</posy>
            <width>7</width>
            <height>1100</height>
            <texture>tvguide-background-right.png</texture>
        </control>
        <control type="image">
            <description>verticalbar</description>
            <posx>510.5</posx>
            <posy>-2</posy>
            <width>7</width>
            <height>1100</height>
            <texture>tvguide-background-right.png</texture>
<visible>false </visible>
        </control>
			<control type="image">
                <description>iVue logo</description>
                <posx>50</posx>
                <posy>635</posy>
                <width>160</width>
                <height>45</height>
                <aspectratio>keep</aspectratio>
                <fadetime>500</fadetime>
                <texture>sly.png</texture>
            </control>
			<control type="image">
                <description>demand logo</description>
                <posx>237</posx>
                <posy>72</posy>
                <width>295</width>
                <height>40</height>
                <aspectratio>keep</aspectratio>
                <fadetime>500</fadetime>
                <texture>ondemand.png</texture>
            </control>
        <control type="videowindow">
            <posx>3</posx>
            <posy>593</posy>
            <width>255</width>
            <height>120</height>
        </control>
        <control type="image" id="4100">
            <posx>25</posx>
            <posy>65</posy>
            <width>160</width>
            <height>40</height>
            <aspectratio></aspectratio>
        </control>
<control type="label">
                    <description>Selected Channel</description>
                    <posx>999</posx>
                    <posy>70</posy>
                    <width>250</width>
                    <height>50</height>
                    <textcolor>ffffffff</textcolor>
                    <font>font13</font>
					<align>left</align>
                    <aligny>center</aligny>
					<label>Selected Channel</label>
<visible>false</visible>
                </control>
        <control type="label" id="4101">
            <posx>-0</posx>
            <posy>-0</posy>
            <width>240</width>
            <height>30</height>
            <align>center</align>
            <aligny>center</aligny>
            <font>osdTitle</font>
            <textcolor>ffffffff</textcolor>
<visible>false</visible>
        </control>

        <control type="button" id="4000"><!-- watch -->
            <posx>270</posx>
            <posy>40</posy>
            <width>240</width>
            <height>30</height>
            <texturefocus>tvguide-program-menu-focus.png</texturefocus>
			<texturenofocus>tvguide-program-grey2.png</texturenofocus>
            <onup>4000</onup>
            <ondown>4002</ondown>
            <align>center</align>
            <aligny>center</aligny>
            <font>font13</font>
            <textcolor>ffffffff</textcolor>
<visible>false</visible>
        </control>

        <control type="label" id="4102"><!-- Show Title -->
            <posx>30</posx>
            <posy>10</posy>
            <width>220</width>
            <height>30</height>
            <align></align>
            <aligny>center</aligny>
            <font>tvg_font13</font>
            <textcolor>ffffffff</textcolor>
            <scroll>true</scroll>
<visible>false</visible>
        </control>

        <control type="button" id="00010"><!-- CREATOR -->
            <posx>5</posx>
            <posy>183</posy>
            <width>240</width>
            <height>55</height>
            <texturefocus>menu button-focus.png</texturefocus>
			<texturenofocus></texturenofocus>
            <onup>4001</onup>
            <ondown>4002</ondown>
            <onright>4441</onright>
            <onclick>RunAddon(plugin.video.IVUEcreator)</onclick>
            <align></align>
            <aligny>center</aligny>
            <font>tvg_font13</font>
            <textcolor>ffffffff</textcolor>
            <label>iVue Creator</label>
        </control>
		
        <control type="button" id="4002"><!-- REMINDER -->
            <posx>5</posx>
            <posy>234</posy>
            <width>240</width>
            <height>55</height>
            <texturefocus>menu button-focus.png</texturefocus>
			<texturenofocus></texturenofocus>
            <onup>00010</onup>
            <ondown>4003</ondown>
            <onright>4441</onright>
            <align></align>
            <aligny>center</aligny>
            <font>tvg_font13</font>
            <textcolor>ffffffff</textcolor>
        </control>
        <control type="button" id="80003"><!-- My Recordings -->
            <posx>130</posx>
            <posy>220</posy>
            <width>240</width>
            <height>30</height>
            <texturefocus>tvguide-program-menu-focus.png</texturefocus>
			<texturenofocus>tvguide-program-grey2.png</texturenofocus>
            <onup>80002</onup>
            <ondown>80004</ondown>
            <align>center</align>
            <aligny>center</aligny>
            <font>font13</font>
            <textcolor>ffffffff</textcolor>
			<label>$ADDON[script.apollo.tvguide 80003]</label>
<visible>false </visible>
        </control>
		
        <control type="button" id="80004"><!-- Smart DNS -->
            <posx>130</posx>
            <posy>250</posy>
            <width>240</width>
            <height>30</height>
            <texturefocus>tvguide-program-menu-focus.png</texturefocus>
			<texturenofocus>tvguide-program-grey2.png</texturenofocus>
            <onup>80003</onup>
            <ondown>4001</ondown>
            <align>center</align>
            <aligny>center</aligny>
            <font>font13</font>
            <textcolor>ffffffff</textcolor>
			<label>$ADDON[script.apollo.tvguide 80004]</label>
<visible>false </visible>
        </control>


        <control type="button" id="4001"><!-- Choose Stream -->
            <posx>5</posx>
            <posy>132</posy>
            <width>240</width>
            <height>55</height>
           <texturefocus>menu button-focus.png</texturefocus>
			<texturenofocus></texturenofocus>
            <onup>4004</onup>
            <ondown>00010</ondown>
            <onright>4441</onright>
            <align></align>
            <aligny>center</aligny>
            <font>tvg_font13</font>
            <textcolor>ffffffff</textcolor>
            <label>$ADDON[script.apollo.tvguide 30304]</label>
        </control>
#        <control type="label"> <!-- Choose Stream Text -->
#            <posx>5</posx>
#            <posy>132</posy>
#            <width>240</width>
#            <height>55</height>
#            <font>tvg_font13</font>
#            <textcolor>ffffffff</textcolor>
#            <label>$ADDON[script.apollo.tvguide 30305]</label>
#            <wrapmultiline>true</wrapmultiline>
#        </control>

        <control type="button" id="4003"><!-- CHANNELS -->
            <posx>5</posx>
            <posy>285</posy>
            <width>240</width>
            <height>55</height>
            <texturefocus>menu button-focus.png</texturefocus>
			<texturenofocus>menu button.p</texturenofocus>
            <onup>4002</onup>
            <ondown>7002</ondown>
            <onright>4441</onright>
            <align></align>
            <aligny>center</aligny>
            <font>tvg_font13</font>
            <textcolor>ffffffff</textcolor>
            <label>$ADDON[script.apollo.tvguide 30307]</label>
        </control>

       <control type="button" id="7002"><!-- RETURN -->
            <onclick>ReplaceWindow(window,dir)</onclick>
            <posx>5</posx>
            <posy>336</posy>
            <width>240</width>
            <height>55</height>
            <texturefocus>menu button-focus.png</texturefocus>
			<texturenofocus></texturenofocus>
            <onup>4003</onup>
            <ondown>4442</ondown>
            <onright>4441</onright>
            <align></align>
            <aligny>center</aligny>
            <font>tvg_font13</font>
            <textcolor>ffffffff</textcolor>
            <label>TV Guide</label>
        </control>

        <control type="button" id="7001"><!-- Settings -->
            <onclick>Addon.openSettings(script.apollo.tvguide)</onclick>
            <posx>5</posx>
            <posy>437</posy>
            <width>240</width>
            <height>55</height>
            <texturefocus>menu button-focus.png</texturefocus>
			<texturenofocus></texturenofocus>
            <onup>4442</onup>
            <ondown>7003</ondown>
            <onright>4441</onright>
            <align></align>
            <aligny>center</aligny>
            <font>tvg_font13</font>
            <textcolor>ffffffff</textcolor>
			<label>iVue Settings</label>
			<visible>true </visible>
        </control>
        <control type="button" id="4442"><!-- SuperFaves -->
            <onclick>RunAddon(plugin.program.super.favourites)</onclick>
            <posx>5</posx>
            <posy>387</posy>
            <width>240</width>
            <height>55</height>
            <texturefocus>menu button-focus.png</texturefocus>
			<texturenofocus></texturenofocus>
            <onup>7002</onup>
            <ondown>7001</ondown>
            <onright>4441</onright>
            <align></align>
            <aligny>center</aligny>
            <font>tvg_font13</font>
            <textcolor>ffffffff</textcolor>
			<label>$ADDON[script.apollo.tvguide 80004]</label>
			<visible>true</visible>
        </control>

        <control type="button" id="7003"><!-- ivue wizard -->
            <onclick>RunAddon(plugin.video.iVuewiz)</onclick>
            <posx>5</posx>
            <posy>488</posy>
            <width>240</width>
            <height>55</height>
            <texturefocus>menu button-focus.png</texturefocus>
			<texturenofocus></texturenofocus>
            <onup>7001</onup>
            <ondown>4004</ondown>
            <onright>4441</onright>
            <align></align>
            <aligny>center</aligny>
            <font>tvg_font13</font>
            <textcolor>ffffffff</textcolor>
			<label>iVue Wizard</label>
			<visible>true</visible>
        </control>

        <control type="button" id="4004"><!-- QUIT -->
            <posx>5</posx>
            <posy>539</posy>
            <width>240</width>
            <height>55</height>
          <texturefocus>menu button-focus.png</texturefocus>
			<texturenofocus>menu button.p</texturenofocus>
            <onup>7003</onup>
            <ondown>4001</ondown>
            <onright>4441</onright>
            <align></align>
            <aligny>center</aligny>
            <font>tvg_font13</font>
            <textcolor>ffffffff</textcolor>
            <label>$ADDON[script.apollo.tvguide 30308]</label>
        </control>

        <control type="button" id="4447"><!-- ITV Player -->
            <onclick>RunAddon(plugin.video.itv)</onclick>
            <posx>622</posx>
            <posy>132</posy>
            <width>300</width>
            <height>157</height>
            <texturefocus>itvplayer_focus.png</texturefocus>
			<texturenofocus>itvplayer.png</texturenofocus>
            <onup>4446</onup>
            <ondown>00006</ondown>
            <onleft>4441</onleft>
            <onright>4444</onright>
			<label>$ADDON[script.apollo.tvguide 4447]</label>
		</control>
		
        <control type="button" id="4441"><!-- BBCiPlayer -->
            <onclick>RunAddon(plugin.video.iplayerwww)</onclick>
            <posx>297</posx>
            <posy>132</posy>
            <width>300</width>
            <height>157</height>
            <texturefocus>bbciplayer_focus.png</texturefocus>
			<texturenofocus>bbciplayer.png</texturenofocus>
            <onup>4445</onup>
            <ondown>00005</ondown>
            <onleft>4001</onleft>
            <onright>4447</onright>
			<label>$ADDON[script.apollo.tvguide 80005]</label>
		</control>

        <control type="button" id="4446"><!-- TV Shows -->
            <onclick>RunScript(script.extendedinfo,info=list,type=tv)</onclick>
            <posx>622</posx>
            <posy>537</posy>
            <width>300</width>
            <height>157</height>
            <texturefocus>tvshows_focus.png</texturefocus>
			<texturenofocus>tvshows.png</texturenofocus>
            <onup>00006</onup>
            <ondown>4447</ondown>
            <onleft>4445</onleft>
            <onright>00008</onright>
			<label>$ADDON[script.apollo.tvguide 80005]</label>
        </control>
		
        <control type="button" id="4445"><!-- Movies -->
            <onclick>RunScript(script.extendedinfo,info=list,type=movie)</onclick>
            <posx>297</posx>
            <posy>537</posy>
            <width>300</width>
            <height>157</height>
            <texturefocus>movies_focus.png</texturefocus>
			<texturenofocus>movies.png</texturenofocus>
            <onup>00005</onup>
            <ondown>4441</ondown>
            <onleft>4001</onleft>
            <onright>4446</onright>
			<label>$ADDON[script.apollo.tvguide 80005]</label>
        </control>
		
        <control type="button" id="4444"><!-- YouTube -->
            <onclick>RunAddon(plugin.video.youtube)</onclick>
            <posx>947</posx>
            <posy>132</posy>
            <width>300</width>
            <height>157</height>
            <texturefocus>youtube_focus.png</texturefocus>
			<texturenofocus>youtube.png</texturenofocus>
            <onup>00008</onup>
            <ondown>00007</ondown>
            <onleft>4447</onleft>
            <onright>00005</onright>
			<label>$ADDON[script.apollo.tvguide 80005]</label>
        </control>

       <control type="button" id="00005"><!-- networks -->
            <posx>297</posx>
            <posy>335</posy>
            <width>300</width>
            <height>157</height>
            <texturefocus>networksfocus.png</texturefocus>
			<texturenofocus>networks.png</texturenofocus>
            <onup>4441</onup>
            <ondown>4445</ondown>
            <onright>00006</onright>
            <onleft>4001</onleft>
            <onclick>RunAddon(plugin.video.exodus,action=tvNetworks)</onclick>
            <align>center</align>
            <aligny>center</aligny>
            <font>font13</font>
            <textcolor>ffffffff</textcolor>
			<label></label>
<visible>true</visible>
        </control>

       <control type="button" id="00006"><!-- sly mov -->
            <posx>622</posx>
            <posy>335</posy>
            <width>300</width>
            <height>157</height>
            <texturefocus>skymovfocus.png</texturefocus>
			<texturenofocus>skymov.png</texturenofocus>
            <onup>4447</onup>
            <ondown>4446</ondown>
            <onright>00007</onright>
            <onleft>00005</onleft>
            <onclick>RunAddon(plugin.video.exodus,action=channels)</onclick>
            <align>center</align>
            <aligny>center</aligny>
            <font>font13</font>
            <textcolor>ffffffff</textcolor>
			<label></label>
<visible>true</visible>
        </control>

        <control type="button" id="00007"><!-- CARTOONS -->
            <posx>947</posx>
            <posy>335</posy>
            <width>300</width>
            <height>157</height>
            <texturefocus>cartoonfocus.png</texturefocus>
			<texturenofocus>cartoon.png</texturenofocus>
            <onup>4444</onup>
            <ondown>00008</ondown>
            <onright>4445</onright>
            <onleft>00006</onleft>
            <onclick>RunAddon(plugin.video.cartoons8)</onclick>
            <align>center</align>
            <aligny>center</aligny>
            <font>font13</font>
            <textcolor>ffffffff</textcolor>
			<label></label>
<visible>true</visible>
        </control>

        <control type="button" id="00008"><!-- FOOTBALL -->
            <posx>947</posx>
            <posy>537</posy>
            <width>300</width>
            <height>157</height>
            <texturefocus>sportsfocus.png</texturefocus>
			<texturenofocus>sports.png</texturenofocus>
            <onup>00007</onup>
            <ondown>4444</ondown>
            <onright>4441</onright>
            <onleft>4446</onleft>
            <onclick>RunAddon(plugin.video.projectd)</onclick>
            <align>center</align>
            <aligny>center</aligny>
            <font>font13</font>
            <textcolor>ffffffff</textcolor>
			<label></label>
<visible>true</visible>
        </control>
    </controls>
</window>
