<?xml version="1.0" encoding="UTF-8"?>
<addon id="resource.uisounds.red.dead.redemption" version="1.0.0" name="Red Dead Redemption" provider-name="ClassicNancy">
  <requires>
    <import addon="kodi.resource" version="1.0.0"/>
  </requires>
  <extension point="kodi.resource.uisounds"/>
  <extension point="kodi.addon.metadata">
    <summary lang="en">Red Dead Redemption GUI sounds</summary>
    <description lang="en">Red Dead Redemption GUI sounds</description>
    <platform>all</platform>
  </extension>
</addon>