<?xml version="1.0" encoding="UTF-8" standalone="yes"?>
<addon id="plugin.video.sempervideo" name="[COLOR green]Semper Video[/COLOR]" version="1.0.7" provider-name="EmuZONE">
  <requires>
    <import addon="xbmc.python" version="2.1.0" />
	<import addon="script.module.beautifulsoup4" version="4.4.1.1"/>
	<import addon="plugin.video.youtube" version="5.3.7"/>
  </requires>
	<extension point="xbmc.python.pluginsource" library="default.py">
		<provides>video</provides>
	</extension>
  <extension point="xbmc.addon.metadata">
    <platform>all</platform>
    <summary>EmuZONE Plugins</summary>
    <description>Semper Video beschaeftigt sich mit allen Themen Rund um den PC, Betriebsystemen wie Windows oder Linux und gibt hilfreiche Tips und Tricks</description>
  </extension>
</addon>
