<?xml version="1.0" encoding="UTF-8" standalone="yes"?>
<addon id="repository.teamtdb" name="[COLOR yellow] .. [COLOR ghostwhite]Team TDB[/COLOR] [COLOR dodgerblue]Repository[/COLOR]" version="1.00" provider-name="Team TDB">
    <extension point="xbmc.addon.repository" name="Team TDB Repository">
        <info compressed="false">http://www.tdbwizardbuilds.co.uk/repository/addons.xml</info>
        <checksum>http://www.tdbwizardbuilds.co.uk/repository/addons.xml.md5</checksum>
        <datadir zip="true">http://www.tdbwizardbuilds.co.uk/repository/zips/</datadir>
    </extension>
    <extension point="xbmc.addon.metadata">
        <summary>Team TDB Repository</summary>
        <description>The official repository of Team TDB. All add-ons developed and maintained by Team TDB will be found here.
        </description>
        <platform>all</platform>
    </extension>
</addon>
