<?xml version="1.0" encoding="UTF-8" standalone="yes"?>
	<addon
        id="plugin.audio.DejaVu" 
        name="DejaVu FM" 
        version="0.0.2" 
        provider-name="TheYid">
		<requires>
			<import addon="xbmc.python"             	version="2.1.0"/>
			<import addon="xbmc.addon"              	version="12.1.0"/>
		</requires>
		<extension point="xbmc.python.pluginsource" library="default.py">
			<provides>audio</provides>
		</extension>
		<extension point="xbmc.addon.metadata">
			<summary lang="en">DejaVu FM</summary>
			<description lang="en">Listen to DejaVu FM; London's finest underground radio station</description>
			<disclaimer lang="en">DejaVu.co.uk</disclaimer>
			<platform>all</platform>
			<license>GNU GENERAL PUBLIC LICENSE. Version 3, June 2007</license>
			<language>en</language>
			<forum></forum>
			<website></website>
			<email></email>
			<source></source>
		</extension>
	</addon>